USI	GNPSLibraryAccession	Cosine	Matching Peaks	CompoundName	Adduct	Charge
mzspec:GNPS:GNPS-LIBRARY:accession:CCMSLIB00010001711	CCMSLIB00010001711	0.86	7	Suspect related to Tetradecanedioic acid (predicted molecular formula: C17H32O6) with delta m/z 74.035 (putative explanation: unspecified|unspecified; atomic difference: 1C,4H,3N,1O|3C,6H,2O)	[M-2H2O+H]+	1
mzspec:GNPS:GNPS-LIBRARY:accession:CCMSLIB00009941733	CCMSLIB00009941733	0.86	7	Suspect related to Aleuritic acid (predicted molecular formula: C17H32O6) with delta m/z 27.995 (putative explanation: Formylation|Ser->Asp substitution|Thr->Glu substitution; atomic difference: 1C,1O|1C,1O|1C,1O)	[M-2H2O+H]+	1
mzspec:GNPS:GNPS-LIBRARY:accession:CCMSLIB00009931914	CCMSLIB00009931914	0.86	7	Suspect related to 13[(2R,3S)-3-Pentyloxiranyl]-8Z-tridecenoic acid (predicted molecular formula: C17H32O6) with delta m/z -28.068 (putative explanation: unspecified; atomic difference: unspecified)	[M+H]+	1
mzspec:GNPS:GNPS-LIBRARY:accession:CCMSLIB00009989579	CCMSLIB00009989579	0.84	6	Suspect related to Spectral Match to 9(10)-EpOME from NIST14 (predicted molecular formula: C17H30O5) with delta m/z 17.973 (putative explanation: Pro->Asp substitution; atomic difference: -1C,-2H,2O)	[M-H2O+H]+	1
mzspec:GNPS:GNPS-LIBRARY:accession:CCMSLIB00009928814	CCMSLIB00009928814	0.83	7	Suspect related to 1-Monolinoleoyl-rac-glycerol (predicted molecular formula: unknown) with delta m/z 33.963 (putative explanation: Chlorination of tyrosine residues; atomic difference: 1Cl,-1H)	[M-C3H8O3+H]+	1
mzspec:GNPS:GNPS-LIBRARY:accession:CCMSLIB00009931355	CCMSLIB00009931355	0.83	7	Suspect related to 12(13)-Epoxy-9Z-octadecenoic acid (predicted molecular formula: C17H30O5) with delta m/z 17.973 (putative explanation: Pro->Asp substitution; atomic difference: -1C,-2H,2O)	[M-H2O+H]+	1
mzspec:GNPS:GNPS-LIBRARY:accession:CCMSLIB00009929689	CCMSLIB00009929689	0.83	7	Suspect related to 1-Palmitoyl-2-linoleoyl-rac-glycerol (predicted molecular formula: unknown) with delta m/z 33.963 (putative explanation: Chlorination of tyrosine residues; atomic difference: 1Cl,-1H)	[M-C19H38O4+H]+	1
mzspec:GNPS:GNPS-LIBRARY:accession:CCMSLIB00009965385	CCMSLIB00009965385	0.81	6	Suspect related to Monolinolenin (9c,12c,15c) (predicted molecular formula: C18H32O3) with delta m/z -56.027 (putative explanation: Beta-elimination (among others); atomic difference: -3C,-4H,-1O)	[M+H]+	1
mzspec:GNPS:GNPS-LIBRARY:accession:CCMSLIB00009995941	CCMSLIB00009995941	0.8	6	Suspect related to Spectral Match to Monolinolenin (9c,12c,15c) from NIST14 (predicted molecular formula: C18H34O4) with delta m/z -38.015 (putative explanation: Dealkyneation, dealkylation+aromatic ring opening; atomic difference: -3C,-2H)	[M-H2O+H]+	1
mzspec:GNPS:GNPS-LIBRARY:accession:CCMSLIB00009949215	CCMSLIB00009949215	0.8	6	Suspect related to Hexadecanedioic acid (predicted molecular formula: C18H34O4) with delta m/z 46.042 (putative explanation: unspecified|unspecified; atomic difference: 2C,6H,1O|4H,3N)	[M-2H2O+H]+	1
mzspec:GNPS:GNPS-LIBRARY:accession:CCMSLIB00009964600	CCMSLIB00009964600	0.79	6	Suspect related to Methyl .gamma.-linolenate (predicted molecular formula: C18H32O3) with delta m/z 3.995 (putative explanation: Pro->Thr substitution|tryptophan oxidation to kynurenin|Oxidative cleavage; atomic difference: -1C,1O|-1C,1O|1O,-1C)	[M+H]+	1
mzspec:GNPS:GNPS-LIBRARY:accession:CCMSLIB00009995672	CCMSLIB00009995672	0.79	5	Suspect related to Spectral Match to Monoelaidin from NIST14 (predicted molecular formula: C18H34O4) with delta m/z -42.047 (putative explanation: Deisopropylation, depropylation, dealkylation|Leu/Ile->Ala substitution|Val->Gly substitution; atomic difference: -3C,-6H|-3C,-6H|-3C,-6H)	[M-H2O+H]+	1
mzspec:GNPS:GNPS-LIBRARY:accession:CCMSLIB00009940259	CCMSLIB00009940259	0.79	5	Suspect related to 9(10)-Epoxy-12Z-octadecenoic acid (predicted molecular formula: C18H34O4) with delta m/z 18.01 (putative explanation: Proline oxidation to 5-hydroxy-2-aminovaleric acid|water; atomic difference: 2H,1O|2H,1O)	[M-H2O+H]+	1
mzspec:GNPS:GNPS-LIBRARY:accession:CCMSLIB00009941734	CCMSLIB00009941734	0.79	5	Suspect related to Aleuritic acid (predicted molecular formula: C18H34O4) with delta m/z 28.031 (putative explanation: Acetaldehyde +28|Ala->Val substitution|Cys->Met substitution|Ethylation|di-Methylation; atomic difference: 2C,4H|2C,4H|2C,4H|2C,4H|2C,4H)	[M-2H2O+H]+	1
mzspec:GNPS:GNPS-LIBRARY:accession:CCMSLIB00009929690	CCMSLIB00009929690	0.78	6	Suspect related to 1-Palmitoyl-2-linoleoyl-rac-glycerol (predicted molecular formula: unknown) with delta m/z 34.005 (putative explanation: Hydroxylation, epoxidation|unspecified; atomic difference: 2H,2O|2H,2O)	[M-C19H38O4+H]+	1
mzspec:GNPS:GNPS-LIBRARY:accession:CCMSLIB00009998598	CCMSLIB00009998598	0.78	6	Suspect related to Spectral Match to Stearidonic acid from NIST14 (predicted molecular formula: C17H28O4) with delta m/z 19.989 (putative explanation: tryptophan oxidation to hydroxykynurenin; atomic difference: -1C,2O)	[M+H]+	1
mzspec:GNPS:GNPS-LIBRARY:accession:CCMSLIB00009982521	CCMSLIB00009982521	0.77	6	Suspect related to Spectral Match to (.+/-.)-5,6-Dihydroxy-8Z,11Z,14Z-eicosatrienoic acid from NIST14 (predicted molecular formula: C18H32O3) with delta m/z -42.01 (putative explanation: Glu->Ser substitution|Hydrolysis, deacetylation; atomic difference: -2C,-2H,-1O|-2C,-2H,-1O)	[M+H]+	1
mzspec:GNPS:GNPS-LIBRARY:accession:CCMSLIB00009988140	CCMSLIB00009988140	0.77	5	Suspect related to Spectral Match to 12(S)-Hydroxy-16-heptadecynoic acid from NIST14 (predicted molecular formula: C18H34O4) with delta m/z 32.026 (putative explanation: unspecified; atomic difference: 1C,4H,1O)	[M-H2O+H]+	1
mzspec:GNPS:GNPS-LIBRARY:accession:CCMSLIB00009995026	CCMSLIB00009995026	0.77	6	Suspect related to Spectral Match to Linoleic acid ethyl ester from NIST14 (predicted molecular formula: C18H32O3) with delta m/z -12.036 (putative explanation: Leu/Ile->Thr substitution|Val->Ser substitution|Dealkylation+hydroxylation; atomic difference: -2C,-4H,1O|-2C,-4H,1O|2C,4H,-1O)	[M+H]+	1
mzspec:GNPS:GNPS-LIBRARY:accession:CCMSLIB00010004237	CCMSLIB00010004237	0.77	6	Suspect related to cis-4,10,13,16-Docosatetraenoic acid (predicted molecular formula: C17H28O4) with delta m/z -36.072 (putative explanation: unspecified; atomic difference: unspecified)	[M+H]+	1
mzspec:GNPS:GNPS-LIBRARY:accession:CCMSLIB00009920366	CCMSLIB00009920366	0.76	5	Suspect related to (10E,15E)-9,12,13-trihydroxyoctadeca-10,15-dienoic acid (predicted molecular formula: C18H34O4) with delta m/z -13.981 (putative explanation: Asp->Thr substitution; atomic difference: 2H,-1O)	[M-H2O+H]+	1
mzspec:GNPS:GNPS-LIBRARY:accession:CCMSLIB00009940258	CCMSLIB00009940258	0.76	6	Suspect related to 9(10)-Epoxy-12Z-octadecenoic acid (predicted molecular formula: C17H30O5) with delta m/z 17.973 (putative explanation: Pro->Asp substitution; atomic difference: -1C,-2H,2O)	[M-H2O+H]+	1
mzspec:GNPS:GNPS-LIBRARY:accession:CCMSLIB00009926745	CCMSLIB00009926745	0.75	5	Suspect related to .gamma.-Linolenic acid ethyl ester (predicted molecular formula: C18H32O3) with delta m/z -10.021 (putative explanation: Pro->Ser substitution; atomic difference: -2C,-2H,1O)	[M+H]+	1
mzspec:GNPS:GNPS-LIBRARY:accession:CCMSLIB00009951083	CCMSLIB00009951083	0.75	6	Suspect related to Linoleic acid ethyl ester (predicted molecular formula: C18H32O3) with delta m/z -12.036 (putative explanation: Leu/Ile->Thr substitution|Val->Ser substitution|Dealkylation+hydroxylation; atomic difference: -2C,-4H,1O|-2C,-4H,1O|2C,4H,-1O)	[M+H]+	1
mzspec:GNPS:GNPS-LIBRARY:accession:CCMSLIB00009990291	CCMSLIB00009990291	0.75	5	Suspect related to Spectral Match to 9Z,11E,13E-Octadecatrienoic acid ethyl ester from NIST14 (predicted molecular formula: C18H32O3) with delta m/z -10.021 (putative explanation: Pro->Ser substitution; atomic difference: -2C,-2H,1O)	[M+H]+	1
mzspec:GNPS:GNPS-LIBRARY:accession:CCMSLIB00009973162	CCMSLIB00009973162	0.75	5	Suspect related to NCGC00381425-01!8-hydroxy-8-(3-octyloxiran-2-yl)octanoic acid [IIN-based on: CCMSLIB00000846585] (predicted molecular formula: C18H32O3) with delta m/z 18.01 (putative explanation: Proline oxidation to 5-hydroxy-2-aminovaleric acid|water; atomic difference: 2H,1O|2H,1O)	[M-2H2O+H]+	1
mzspec:GNPS:GNPS-LIBRARY:accession:CCMSLIB00009940168	CCMSLIB00009940168	0.75	5	Suspect related to 8Z,14Z-Eicosadienoic acid (predicted molecular formula: C18H32O3) with delta m/z 5.974 (putative explanation: unspecified; atomic difference: unspecified)	[M-H2O+H]+	1
mzspec:GNPS:GNPS-LIBRARY:accession:CCMSLIB00009928668	CCMSLIB00009928668	0.75	5	Suspect related to 1-Monolinoleoyl-rac-glycerol (predicted molecular formula: C18H32O3) with delta m/z -58.042 (putative explanation: N-dealkoxylation, O-dealkoxylation; atomic difference: -3C,-6H,-1O)	[M+H]+	1
mzspec:GNPS:GNPS-LIBRARY:accession:CCMSLIB00010004499	CCMSLIB00010004499	0.75	5	Suspect related to cis-8,11,14-Eicosatrienoic acid (predicted molecular formula: C18H32O3) with delta m/z -10.021 (putative explanation: Pro->Ser substitution; atomic difference: -2C,-2H,1O)	[M+H]+	1
mzspec:GNPS:GNPS-LIBRARY:accession:CCMSLIB00009995818	CCMSLIB00009995818	0.74	5	Suspect related to Spectral Match to Monolinolenin (9c,12c,15c) from NIST14 (predicted molecular formula: C18H32O3) with delta m/z -56.027 (putative explanation: Beta-elimination (among others); atomic difference: -3C,-4H,-1O)	[M+H]+	1
mzspec:GNPS:GNPS-LIBRARY:accession:CCMSLIB00009946459	CCMSLIB00009946459	0.74	5	Suspect related to Docosatrienoic acid (predicted molecular formula: C18H32O3) with delta m/z -38.053 (putative explanation: unspecified; atomic difference: unspecified)	[M+H]+	1
mzspec:GNPS:GNPS-LIBRARY:accession:CCMSLIB00009973161	CCMSLIB00009973161	0.74	6	Suspect related to NCGC00381425-01!8-hydroxy-8-(3-octyloxiran-2-yl)octanoic acid [IIN-based on: CCMSLIB00000846585] (predicted molecular formula: C17H32O6) with delta m/z 17.973 (putative explanation: Pro->Asp substitution; atomic difference: -1C,-2H,2O)	[M-2H2O+H]+	1
mzspec:GNPS:GNPS-LIBRARY:accession:CCMSLIB00009976111	CCMSLIB00009976111	0.74	5	Suspect related to NCGC00385642-01!1,4-dihydroxyheptadec-16-en-2-yl acetate [IIN-based: Match] (predicted molecular formula: C18H34O4) with delta m/z -14.016 (putative explanation: Ala->Gly substitution|Gln->Asn substitution|Glu->Asp substitution|Leu/Ile->Val substitution|Thr->Ser substitution; atomic difference: -1C,-2H|-1C,-2H|-1C,-2H|-1C,-2H|-1C,-2H)	[M-H2O+H]+	1
mzspec:GNPS:GNPS-LIBRARY:accession:CCMSLIB00009963126	CCMSLIB00009963126	0.73	5	Suspect related to Massbank:RP030402 ?-linolenic acid|linolenic acid|(9Z,12Z,15Z)-octadeca-9,12,15-trienoic acid (predicted molecular formula: C18H32O3) with delta m/z 18.01 (putative explanation: Proline oxidation to 5-hydroxy-2-aminovaleric acid|water; atomic difference: 2H,1O|2H,1O)	[M+H]+	1
mzspec:GNPS:GNPS-LIBRARY:accession:CCMSLIB00009946641	CCMSLIB00009946641	0.73	6	Suspect related to Dodecanedioic acid (predicted molecular formula: C16H34N3O4) with delta m/z 102.104 (putative explanation: unspecified; atomic difference: unspecified)	[M-2H2O+H]+	1
mzspec:GNPS:GNPS-LIBRARY:accession:CCMSLIB00009926361	CCMSLIB00009926361	0.73	5	Suspect related to .beta.-Hyodeoxycholic acid (predicted molecular formula: C14H32N6O3) with delta m/z -60.036 (putative explanation: Phe->Ser substitution; atomic difference: -6C,-4H,1O)	[M-2H2O+H]+	1
mzspec:GNPS:GNPS-LIBRARY:accession:CCMSLIB00009973049	CCMSLIB00009973049	0.73	5	Suspect related to NCGC00381425-01!8-hydroxy-8-(3-octyloxiran-2-yl)octanoic acid (predicted molecular formula: C10H29N7S) with delta m/z -17.997 (putative explanation: unspecified; atomic difference: unspecified)	[M+H]+	1
mzspec:GNPS:GNPS-LIBRARY:accession:CCMSLIB00009989580	CCMSLIB00009989580	0.73	5	Suspect related to Spectral Match to 9(10)-EpOME from NIST14 (predicted molecular formula: C18H32O3) with delta m/z 18.01 (putative explanation: Proline oxidation to 5-hydroxy-2-aminovaleric acid|water; atomic difference: 2H,1O|2H,1O)	[M-H2O+H]+	1
mzspec:GNPS:GNPS-LIBRARY:accession:CCMSLIB00009965485	CCMSLIB00009965485	0.73	5	Suspect related to Monolinolenin (9c,12c,15c) (predicted molecular formula: C18H34O4) with delta m/z -38.015 (putative explanation: Dealkyneation, dealkylation+aromatic ring opening; atomic difference: -3C,-2H)	[M-H2O+H]+	1
mzspec:GNPS:GNPS-LIBRARY:accession:CCMSLIB00009990325	CCMSLIB00009990325	0.73	5	Suspect related to Spectral Match to 9Z,11E,13E-Octadecatrienoic acid methyl ester from NIST14 (predicted molecular formula: C18H32O3) with delta m/z 3.995 (putative explanation: Pro->Thr substitution|tryptophan oxidation to kynurenin|Oxidative cleavage; atomic difference: -1C,1O|-1C,1O|1O,-1C)	[M+H]+	1
mzspec:GNPS:GNPS-LIBRARY:accession:CCMSLIB00009928815	CCMSLIB00009928815	0.73	5	Suspect related to 1-Monolinoleoyl-rac-glycerol (predicted molecular formula: unknown) with delta m/z 34.005 (putative explanation: Hydroxylation, epoxidation|unspecified; atomic difference: 2H,2O|2H,2O)	[M-C3H8O3+H]+	1
mzspec:GNPS:GNPS-LIBRARY:accession:CCMSLIB00009951041	CCMSLIB00009951041	0.73	5	Suspect related to Linoelaidic acid (predicted molecular formula: C18H32O3) with delta m/z 34.005 (putative explanation: Hydroxylation, epoxidation|unspecified; atomic difference: 2H,2O|2H,2O)	[M-H2O+H]+	1
mzspec:GNPS:GNPS-LIBRARY:accession:CCMSLIB00009930920	CCMSLIB00009930920	0.72	5	Suspect related to 10E,12Z-octadecadienoic acid (predicted molecular formula: C12H29N3O4) with delta m/z 16.01 (putative explanation: Asp->Met substitution; atomic difference: 1C,4H,-2O,1S)	[M+H]+	1
mzspec:GNPS:GNPS-LIBRARY:accession:CCMSLIB00009989712	CCMSLIB00009989712	0.72	5	Suspect related to Spectral Match to 9,10-Dihydroxy-12Z-octadecenoic acid from NIST14 (predicted molecular formula: C12H31N4OS) with delta m/z -17.997 (putative explanation: unspecified; atomic difference: unspecified)	[M+H]+	1
mzspec:GNPS:GNPS-LIBRARY:accession:CCMSLIB00009976005	CCMSLIB00009976005	0.72	5	Suspect related to NCGC00385642-01!1,4-dihydroxyheptadec-16-en-2-yl acetate (predicted molecular formula: C18H32O3) with delta m/z -32.026 (putative explanation: nan (reverse); atomic difference: -1C,-4H,-1O)	[M+H]+	1
mzspec:GNPS:GNPS-LIBRARY:accession:CCMSLIB00009998056	CCMSLIB00009998056	0.72	5	Suspect related to Spectral Match to Pinolenic acid from NIST14 (predicted molecular formula: C14H28N6O) with delta m/z 18.01 (putative explanation: Proline oxidation to 5-hydroxy-2-aminovaleric acid|water; atomic difference: 2H,1O|2H,1O)	[M+H]+	1
mzspec:GNPS:GNPS-LIBRARY:accession:CCMSLIB00009932146	CCMSLIB00009932146	0.72	5	Suspect related to 15-Hydroxy-11Z,13E-eicosadienoic acid (predicted molecular formula: C14H30N6O2) with delta m/z -10.021 (putative explanation: Pro->Ser substitution; atomic difference: -2C,-2H,1O)	[M-H2O+H]+	1
mzspec:GNPS:GNPS-LIBRARY:accession:CCMSLIB00009941285	CCMSLIB00009941285	0.72	5	Suspect related to 9Z,11E,13E-Octadecatrienoic acid methyl ester (predicted molecular formula: C18H32O3) with delta m/z 3.995 (putative explanation: Pro->Thr substitution|tryptophan oxidation to kynurenin|Oxidative cleavage; atomic difference: -1C,1O|-1C,1O|1O,-1C)	[M+H]+	1
mzspec:GNPS:GNPS-LIBRARY:accession:CCMSLIB00009932251	CCMSLIB00009932251	0.71	5	Suspect related to 15S-Hydroperoxy-11Z,13E-eicosadienoic acid (predicted molecular formula: C18H34O4) with delta m/z -26.015 (putative explanation: Alkyl loss (typically partial loss from ring)|Pro->Ala substitution; atomic difference: -2C,-2H|-2C,-2H)	[M-H2O+H]+	1
mzspec:GNPS:GNPS-LIBRARY:accession:CCMSLIB00009981868	CCMSLIB00009981868	0.71	5	Suspect related to Sclareolide (predicted molecular formula: C18H32O3) with delta m/z 46.042 (putative explanation: unspecified|unspecified; atomic difference: 2C,6H,1O|4H,3N)	[M+H]+	1
mzspec:GNPS:GNPS-LIBRARY:accession:CCMSLIB00009989711	CCMSLIB00009989711	0.71	5	Suspect related to Spectral Match to 9,10-Dihydroxy-12Z-octadecenoic acid from NIST14 (predicted molecular formula: C10H30N7O3) with delta m/z -18.011 (putative explanation: Dehydration|Pyro-glu from E|carbodiimide crosslinker; atomic difference: -2H,-1O|-2H,-1O|-2H,-1O)	[M+H]+	1
mzspec:GNPS:GNPS-LIBRARY:accession:CCMSLIB00009932790	CCMSLIB00009932790	0.71	5	Suspect related to 17-trans-Prostaglandin E3 (predicted molecular formula: C18H34O4) with delta m/z -35.966 (putative explanation: unspecified; atomic difference: unspecified)	[M-H2O+H]+	1
mzspec:GNPS:GNPS-LIBRARY:accession:CCMSLIB00009932716	CCMSLIB00009932716	0.71	5	Suspect related to 17-Octadecynoic acid (predicted molecular formula: C18H34O4) with delta m/z 34.005 (putative explanation: Hydroxylation, epoxidation|unspecified; atomic difference: 2H,2O|2H,2O)	[M-H2O+H]+	1
mzspec:GNPS:GNPS-LIBRARY:accession:CCMSLIB00009934931	CCMSLIB00009934931	0.71	5	Suspect related to 2-Linoleoylglycerol (predicted molecular formula: C18H34O4) with delta m/z -40.032 (putative explanation: Descyclopropyl, dealkenation|Pro->Gly substitution; atomic difference: -3C,-4H|-3C,-4H)	[M-H2O+H]+	1
mzspec:GNPS:GNPS-LIBRARY:accession:CCMSLIB00009976006	CCMSLIB00009976006	0.71	5	Suspect related to NCGC00385642-01!1,4-dihydroxyheptadec-16-en-2-yl acetate (predicted molecular formula: C13H28N8) with delta m/z -32.018 (putative explanation: unspecified; atomic difference: unspecified)	[M+H]+	1
mzspec:GNPS:GNPS-LIBRARY:accession:CCMSLIB00009936820	CCMSLIB00009936820	0.71	5	Suspect related to 3-Hydroxyoctadecanoic acid (predicted molecular formula: C18H34O4) with delta m/z 13.979 (putative explanation: Thr->Asp substitution|Tryptophan oxidation to oxolactone|aldehyde and ketone modifications|hydroxylation difference carboxylation|proline oxidation to pyroglutamic acid|Oxidation, epoxidation; atomic difference: -2H,1O|-2H,1O|-2H,1O|-2H,1O|-2H,1O|1O,-2H)	[M-H2O+H]+	1
mzspec:GNPS:GNPS-LIBRARY:accession:CCMSLIB00010004471	CCMSLIB00010004471	0.71	5	Suspect related to cis-7-Hexadecenoic acid methyl ester (predicted molecular formula: C18H32O3) with delta m/z 27.995 (putative explanation: Formylation|Ser->Asp substitution|Thr->Glu substitution; atomic difference: 1C,1O|1C,1O|1C,1O)	[M+H]+	1
