Barcode,Well,Plate,GMT,Date,Module,Rack,Location,Labels,Number.on.Tube,Notes,Sample.Return.Bag
3D1230A,P1_A1,P1,39,2/8/21,Node 1,Field Control,Air Sample,NOD1-F1,1,,3DMM1502A S/N 002
3D0559A,P1_A2,P1,40,2/9/21,Node 1,6,NOD1P2 (NODE 3 HATCH PORTAL),NOD1P2-R3,13,,3DMM1504A S/N 004
3D0302A,P1_A3,P1,47,2/16/21,PMM,1,PMM1O1,PMM1O1-R4,12,,3DMM1509A S/N 009
3D0549A,P1_A4,P1,40,2/9/21,US Lab,21,LAB1O1,LAB1O1-L2,89,,3DMM1503A S/N 003
3D0481A,P1_A5,P1,34,2/3/21,Columbus,16,COL1F4,COL1F4-L2,COL1F4-L2,,3DMM1501A S/N 001
3D0905A,P1_A6,P1,50,2/19/21,Node 3,6,NOD3O4,NOD3O4-L1,40,Overhead towards Fwd,3DMM1511A S/N 011
3D0912A,P1_A7,P1,50,2/19/21,Node 3,2,NOD3F5 (T2),NOD3F5-R5,36,,3DMM1511A S/N 011
3D1451A,P1_A8,P1,46,2/15/21,JPM,5,JPM1O2,JPM1O2-R2,22,,3DMM1508A S/N 008
3D1326A,P1_A9,P1,50,2/19/21,Node 3,3,NOD3O5,NOD3O5-L2,31,,3DMM1512A S/N 012
3D1278A,P1_A10,P1,39,2/8/21,Node 1,2,NOD1P4,NOD1P4-R9,41,,3DMM1502A S/N 002
swab.blank,P1_A11,P1,NA,NA,swab.blank,swab.blank,swab.blank,NA,NA,NA,NA
solvent.blank,P1_A12,P1,NA,NA,solvent.blank,solvent.blank,solvent.blank,NA,NA,NA,NA
3D0390A,P1_B1,P1,47,2/16/21,PMM,1,PMM1O1,PMM1O1-L5,5,,3DMM1509A S/N 009
3D0410A,P1_B2,P1,47,2/16/21,PMM,4,PMM1S1,PMM1S1-R6,68,,3DMM1509A S/N 009
3D0933A,P1_B3,P1,50,2/19/21,Node 3,6,NOD3O4,NOD3O4-L6,45,,3DMM1511A S/N 011
3D1483A,P1_B4,P1,46,2/15/21,JLP,2,JLP1P1, JLP1P1-L4 ,14,,3DMM1505A S/N 007
3D1216A,P1_B5,P1,39,2/8/21,Node 1,3,NOD1D4,NOD1D4-L2,46,,3DMM1502A S/N 002
3D1360A,P1_B6,P1,43,2/12/21,Node 2,5,NOD2O2 (Hatch to PMA-3),NOD2O2-R5,65,,3DMM1505A S/N 005
3D0998A,P1_B7,P1,50,2/19/21,Node 3,6,NOD3O4,NOD3O4-R4,48,,3DMM1511A S/N 011
3D0898A,P1_B8,P1,43,2/12/21,Node 2,2,NOD2P4,NOD2P4-R6,26,,3DMM1505A S/N 005
3D0850A,P1_B9,P1,43,2/12/21,Node 2,4,NOD2S4,NOD2S4-L1,41,,3DMM1505A S/N 005
3D0405A,P1_B10,P1,47,2/16/21,Airlock,1,A/L1O1,A/L1O1-R2,4,,3DMM15010A S/N 010
swab.blank,P1_B11,P1,NA,NA,swab.blank,swab.blank,swab.blank,NA,NA,NA,NA
solvent.blank,P1_B12,P1,NA,NA,solvent.blank,solvent.blank,solvent.blank,NA,NA,NA,NA
3D0996A,P1_C1,P1,50,2/19/21,Node 3,7,NOD3F4,NOD3F4-L6,56,,3DMM1511A S/N 011
3D0310A,P1_C2,P1,47,2/16/21,PMM,2,PMM1P1,PMM1P1-L6,24,,3DMM1509A S/N 009
3D1438A,P1_C3,P1,46,2/15/21,JPM,5,JPM1O2,JPM1O2-R1,20,,3DMM1508A S/N 008
3D0845A,P1_C4,P1,40,2/9/21,Node 1,Field Control,Air Sample,NOD1-F5,43,,3DMM1504A S/N 004
3D1201A,P1_C5,P1,47,2/16/21,PMM,4,PMM1S1,PMM1S1-R7,69,,3DMM1509A S/N 009
3D1226A,P1_C6,P1,39,2/8/21,Node 1,2,NOD1P4,NOD1P4-R3,35,,3DMM1502A S/N 002
3D0566A,P1_C7,P1,40,2/9/21,Node 1,6,NOD1P2 (NODE 3 HATCH PORTAL),NOD1P2-L4,4,,3DMM1504A S/N 004
3D0897A,P1_C8,P1,43,2/12/21,Node 2,4,NOD2S4,NOD2S4-R2,48,,3DMM1505A S/N 005
3D0379A,P1_C9,P1,46,2/15/21,JPM,24,JPM1F6,JPM1F6-L1,98,,3DMM1508A S/N 008
3D0349A,P1_C10,P1,46,2/15/21,JPM,17,JPM1O5,JPM1O5-R1,70,,3DMM1508A S/N 008
swab.blank,P1_C11,P1,NA,NA,swab.blank,swab.blank,swab.blank,NA,NA,NA,NA
solvent.blank,P1_C12,P1,NA,NA,solvent.blank,solvent.blank,solvent.blank,NA,NA,NA,NA
3D1355A,P1_D1,P1,50,2/19/21,Node 3,4,NOD3D5,NOD3D5-R3,52,,3DMM1512A S/N 012
3D1498A,P1_D2,P1,46,2/15/21,JPM,3,JPM1D1,JPM1D1-R2,12,,3DMM1508A S/N 008
3D1388A,P1_D3,P1,50,2/19/21,Node 3,4,NOD3D5,NOD3D5-R6,55,,3DMM1512A S/N 012
3D1017A,P1_D4,P1,47,2/16/21,PMM,3,PMM1D1,PMM1D1-R1,45,,3DMM1509A S/N 009
3D1329A,P1_D5,P1,46,2/15/21,JPM,9,JPM1O3,JPM1O3-L1,35,,3DMM1508A S/N 008
3D0953A,P1_D6,P1,43,2/12/21,Node 2,8,NOD2S2 (Hatch to COL),NOD2S2-L1,93,,3DMM1506A S/N 006
3D0482A,P1_D7,P1,34,2/3/21,Columbus,11,COL1D3,COL1D3-R2,COL1D3-R2,,3DMM1501A S/N 001
3D0576A,P1_D8,P1,40,2/9/21,Node 1,6,NOD1P2 (NODE 3 HATCH PORTAL),NOD1P2-L5,5,,3DMM1504A S/N 004
3D0924A,P1_D9,P1,50,2/19/21,Node 3,1,NOD3O2 (ARED) / NOD3A2 (ARED BAR PLATFORM OVER BEAM HATCH PORTAL),NOD3O2-R13,27,,3DMM1512A S/N 012
3D0884A,P1_D10,P1,43,2/12/21,Node 2,Negative Control,Unopened 3DMM Swab Tube,NOD2-N3,54,,3DMM1505A S/N 005
swab.blank,P1_D11,P1,NA,NA,swab.blank,swab.blank,swab.blank,NA,NA,NA,NA
solvent.blank,P1_D12,P1,NA,NA,solvent.blank,solvent.blank,solvent.blank,NA,NA,NA,NA
3D0563A,P1_E1,P1,39,2/8/21,Node 1,4,NOD1S4,NOD1S4-R7,81,,3DMM1502A S/N 002
3D1342A,P1_E2,P1,50,2/19/21,Node 3,5,NOD3A5,NOD3A5-R5,66,,3DMM1512A S/N 012
3D0373A,P1_E3,P1,46,2/15/21,JPM,15,JPM1D4,JPM1D4-R2,64,,3DMM1508A S/N 008
3D0586A,P1_E4,P1,40,2/9/21,US Lab,24,LAB1S1,LAB1S1-L2,101,,3DMM1503A S/N 003
3D1457A,P1_E5,P1,46,2/15/21,JPM,3,JPM1D1,JPM1D1-L2,11,,3DMM1508A S/N 008
3D1345A,P1_E6,P1,50,2/19/21,Node 3,5,NOD3A5,NOD3A5-R2,63,,3DMM1512A S/N 012
3D0931A,P1_E7,P1,50,2/19/21,Node 3,8,NOD3D4,NOD3D4-L3,67,,3DMM1511A S/N 011
3D1243A,P1_E8,P1,47,2/16/21,PMM,3,PMM1D1,PMM1D1-R5,49,,3DMM1509A S/N 009
3D0836A,P1_E9,P1,43,2/12/21,Node 2,1,NOD2O4,NOD2O4-L3,5,,3DMM1505A S/N 005
3D1231A,P1_E10,P1,39,2/8/21,Node 1,1,NOD1O4,NOD1O4-L4,6,,3DMM1502A S/N 002
swab.blank,P1_E11,P1,NA,NA,swab.blank,swab.blank,swab.blank,NA,NA,NA,NA
solvent.blank,P1_E12,P1,NA,NA,solvent.blank,solvent.blank,solvent.blank,NA,NA,NA,NA
3D0923A,P1_F1,P1,50,2/19/21,Node 3,1,NOD3O2 (ARED) / NOD3A2 (ARED BAR PLATFORM OVER BEAM HATCH PORTAL),NOD3O2-L11,11,,3DMM1512A S/N 012
3D0389A,P1_F2,P1,47,2/16/21,PMM,2,PMM1P1,PMM1P1-R8,34,,3DMM1509A S/N 009
3D1320A,P1_F3,P1,50,2/19/21,Node 3,9,NOD3A4,NOD3A4-R3,85,,3DMM1512A S/N 012
3D1347A,P1_F4,P1,43,2/12/21,Node 2,5,NOD2O2 (Hatch to PMA-3),NOD2O2-R2,62,,3DMM1505A S/N 005
3D1472A,P1_F5,P1,46,2/15/21,JPM,6,JPM1A2,JPM1A2-L2,25,,3DMM1508A S/N 008
3D0999A,P1_F6,P1,50,2/19/21,Node 3,7,NOD3F4,NOD3F4-L5,55,,3DMM1511A S/N 011
3D1499A,P1_F7,P1,46,2/15/21,JPM,1,JPM1O1,JPM1O1-R1,2,,3DMM1508A S/N 008
3D0995A,P1_F8,P1,50,2/19/21,Node 3,2,NOD3F5 (T2),NOD3F5-L4,27,,3DMM1511A S/N 011
3D0947A,P1_F9,P1,50,2/19/21,Node 3,Negative Control,Unopened 3DMM Swab Tube,NOD3-N3,39,,3DMM1511A S/N 011
3D1256A,P1_F10,P1,39,2/8/21,Node 1,3,NOD1D4,NOD1D4-L7,51,,3DMM1502A S/N 002
swab.blank,P1_F11,P1,NA,NA,swab.blank,swab.blank,swab.blank,NA,NA,NA,NA
solvent.blank,P1_F12,P1,NA,NA,solvent.blank,solvent.blank,solvent.blank,NA,NA,NA,NA
3D0577A,P1_G1,P1,40,2/9/21,US Lab,21,LAB1O1,LAB1O1-R1,88,,3DMM1503A S/N 003
3D0400A,P1_G2,P1,46,2/15/21,JPM,21,JPM1O6,JPM1O6-L2,88,"Note: JPM1O6 is a Rack, not a Hatch portal to JLP as indicated in the Sampling Plan",3DMM1508A S/N 008
3D0385A,P1_G3,P1,46,2/15/21,JPM,16,JPM1F4,JPM1F4-R1,66,,3DMM1508A S/N 008
3D0569A,P1_G4,P1,39,2/8/21,Node 1,4,NOD1S4,NOD1S4-L10,74,,3DMM1502A S/N 002
3D1442A,P1_G5,P1,46,2/15/21,JLP,2,JLP1P1,JLP1P1-L2,12,,3DMM1505A S/N 007
3D1489A,P1_G6,P1,46,2/15/21,JPM,6,JPM1A2,JPM1A2-R1,24,,3DMM1508A S/N 008
3D1446A,P1_G7,P1,46,2/15/21,JLP,4,JLP1S1, JLP1S1-L2,32,,3DMM1505A S/N 007
3D0547A,P1_G8,P1,40,2/9/21,US Lab,24,LAB1S1,LAB1S1-R2,102,,3DMM1503A S/N 003
3D0436A,P1_G9,P1,34,2/3/21,Columbus,4,COL1F1,COL1F1-L2,COL1F1-L2,,3DMM1501A S/N 001
3D0222A,P1_G10,P1,40,2/9/21,US Lab,5,LAB1O5,LAB1O5-L2,21,,3DMM1503A S/N 003
swab.blank,P1_G11,P1,NA,NA,swab.blank,swab.blank,swab.blank,NA,NA,NA,NA
solvent.blank,P1_G12,P1,NA,NA,solvent.blank,solvent.blank,solvent.blank,NA,NA,NA,NA
3D0581A,P1_H1,P1,40,2/9/21,Node 1,Negative Control,Unopened 3DMM Swab Tube,NOD1-N4,22,,3DMM1504A S/N 004
3D0862A,P1_H2,P1,43,2/12/21,Node 2,3,NOD2D4,NOD2D4-R5,39,,3DMM1505A S/N 005
3D0834A,P1_H3,P1,43,2/12/21,Node 2,2,NOD2P4,NOD2P4-L3,17,,3DMM1505A S/N 005
3D0295A,P1_H4,P1,40,2/9/21,US Lab,18,LAB1P2,LAB1P2-L2,75,,3DMM1503A S/N 003
3D0490A,P1_H5,P1,34,2/3/21,Columbus,8,COL1F2,COL1F2-L2,COL1F2-L2,,3DMM1501A S/N 001
3D1343A,P1_H6,P1,46,2/15/21,JPM,11,JPM1D3,JPM1D3-R1,44,,3DMM1508A S/N 008
3D0840A,P1_H7,P1,43,2/12/21,Node 2,1,NOD2O4,NOD2O4-L4,6,,3DMM1505A S/N 005
3D1305A,P1_H8,P1,43,2/12/21,Node 2,8,NOD2S2 (Hatch to COL),NOD2S2-L2,94,,3DMM1506A S/N 006
3D1288A,P1_H9,P1,39,2/8/21,Node 1,4,NOD1S4,NOD1S4-L2,66,,3DMM1502A S/N 002
3D1284A,P1_H10,P1,39,2/8/21,Node 1,2,NOD1P4,NOD1P4-L1,23,,3DMM1502A S/N 002
swab.blank,P1_H11,P1,NA,NA,swab.blank,swab.blank,swab.blank,NA,NA,NA,NA
solvent.blank,P1_H12,P1,NA,NA,solvent.blank,solvent.blank,solvent.blank,NA,NA,NA,NA
3D0291A,P2_A1,P2,40,2/9/21,US Lab,9,LAB1O4,LAB1O4-L2,37,,3DMM1503A S/N 003
3D0470A,P2_A2,P2,34,2/3/21,Columbus,13,COL1O4,COL1O4-R2,COL1O4-R2,,3DMM1501A S/N 001
3D0863A,P2_A3,P2,43,2/12/21,Node 2,2,NOD2P4,NOD2P4-R5,25,,3DMM1505A S/N 005
3D0909A,P2_A4,P2,50,2/19/21,Node 3,3,NOD3O5,NOD3O5-L6,35,,3DMM1512A S/N 012
3D0555A,P2_A5,P2,40,2/9/21,Node 1,8,NOD1S2 (AIRLOCK HATCH PORTAL),NOD1S2-L5,27,,3DMM1504A S/N 004
3D0234A,P2_A6,P2,40,2/9/21,US Lab,4,LAB1S6,LAB1S6-L1 ,13,,3DMM1503A S/N 003
3D1220A,P2_A7,P2,39,2/8/21,Node 1,3,NOD1D4,NOD1D4-L10,54,,3DMM1502A S/N 002
3D1228A,P2_A8,P2,47,2/16/21,Airlock,3,A/L1D1,A/L1D1-L1,13,,3DMM15010A S/N 010
3D0940A,P2_A9,P2,50,2/19/21,Node 3,8,NOD3D4,NOD3D4-L2,66,,3DMM1511A S/N 011
swab.blank,P2_A10,P2,NA,NA,swab.blank,swab.blank,swab.blank,NA,NA,NA,NA
solvent.blank,P2_A11,P2,NA,NA,solvent.blank,solvent.blank,solvent.blank,NA,NA,NA,NA
3D0345A,P2_A12,P2,46,2/15/21,JPM,20,JPM1F5,JPM1F5-R2,84,,3DMM1508A S/N 008
3D0894A,P2_B1,P2,43,2/12/21,Node 2,3,NOD2D4,NOD2D4-R4,38,,3DMM1505A S/N 005
3D0565A,P2_B2,P2,40,2/9/21,Node 1,8,NOD1S2 (AIRLOCK HATCH PORTAL),NOD1S2-L6,28,,3DMM1504A S/N 004
3D1225A,P2_B3,P2,47,2/16/21,PMM,3,PMM1D1,PMM1D1-R3,47,,3DMM1509A S/N 009
3D0233A,P2_B4,P2,40,2/9/21,US Lab,14,LAB1P3,LAB1P3-R1,58,,3DMM1503A S/N 003
3D0564A,P2_B5,P2,39,2/8/21,Node 1,4,NOD1S4,NOD1S4-R3,77,,3DMM1502A S/N 002
3D1252A,P2_B6,P2,39,2/8/21,Node 1,2,NOD1P4,NOD1P4-L4,26,,3DMM1502A S/N 002
3D0411A,P2_B7,P2,47,2/16/21,PMM,Negative Control,Unopened 3DMM Swab Tube,PMM1-N2,36,,3DMM1509A S/N 009
3D1397A,P2_B8,P2,50,2/19/21,Node 3,9,NOD3A4,NOD3A4-L3,79,,3DMM1512A S/N 012
3D0416A,P2_B9,P2,47,2/16/21,PMM,3,PMM1D1,PMM1D1-R4,48,,3DMM1509A S/N 009
swab.blank,P2_B10,P2,NA,NA,swab.blank,swab.blank,swab.blank,NA,NA,NA,NA
solvent.blank,P2_B11,P2,NA,NA,solvent.blank,solvent.blank,solvent.blank,NA,NA,NA,NA
3D0557A,P2_B12,P2,40,2/9/21,US Lab,22,LAB1P1,LAB1P1-L2,93,,3DMM1503A S/N 003
3D1399A,P2_C1,P2,50,2/19/21,Node 3,10,NOD3F2 (Hatch to PMM),NOD3F2-L4,94,,3DMM1512A S/N 012
3D1291A,P2_C2,P2,47,2/16/21,PMM,2,PMM1P1,PMM1P1-R5,31,,3DMM1509A S/N 009
3D1485A,P2_C3,P2,46,2/15/21,JPM,7,JPM1D2,JPM1D2-R1,28,,3DMM1508A S/N 008
3D0561A,P2_C4,P2,40,2/9/21,Node 1,6,NOD1P2 (NODE 3 HATCH PORTAL),NOD1P2-L7,7,,3DMM1504A S/N 004
3D0596A,P2_C5,P2,39,2/8/21,Node 1,4,NOD1S4,NOD1S4-R8,82,,3DMM1502A S/N 002
3D0217A,P2_C6,P2,40,2/9/21,US Lab,14,LAB1P3,LAB1P3-R2,60,,3DMM1503A S/N 003
3D1219A,P2_C7,P2,39,2/8/21,Node 1,3,NOD1D4,NOD1D4-L4,48,,3DMM1502A S/N 002
3D1363A,P2_C8,P2,43,2/12/21,Node 2,7,NOD2D2 (Stowage Bag Area),NOD2D2-R1,87,Note: Photo taken here (Tube 87) instead of start (Tube 81),3DMM1506A S/N 006
3D0244A,P2_C9,P2,40,2/9/21,US Lab,11,LAB1D4,LAB1D4-R2,46,,3DMM1503A S/N 003
swab.blank,P2_C10,P2,NA,NA,swab.blank,swab.blank,swab.blank,NA,NA,NA,NA
solvent.blank,P2_C11,P2,NA,NA,solvent.blank,solvent.blank,solvent.blank,NA,NA,NA,NA
3D0430A,P2_C12,P2,47,2/16/21,PMM,Field Control,Air Sample,PMM1-F3,53,,3DMM1509A S/N 009
3D0243A,P2_D1,P2,40,2/9/21,US Lab,16,LAB1S3,LAB1S3-L2,67,,3DMM1503A S/N 003
3D0393A,P2_D2,P2,46,2/15/21,JPM,19,JPM1D5,JPM1D5-R1,78,,3DMM1508A S/N 008
3D1304A,P2_D3,P2,43,2/12/21,Node 2,7,NOD2D2 (Stowage Bag Area),NOD2D2-L4,84,,3DMM1506A S/N 006
3D0321A,P2_D4,P2,47,2/16/21,PMM,1,PMM1O1,PMM1O1-R1,9,,3DMM1509A S/N 009
3D1215A,P2_D5,P2,39,2/8/21,Node 1,3,NOD1D4,NOD1D4-R5,59,,3DMM1502A S/N 002
3D0228A,P2_D6,P2,40,2/9/21,US Lab,8,LAB1S5,LAB1S5-R2,34,,3DMM1503A S/N 003
3D1203A,P2_D7,P2,39,2/8/21,Node 1,4,NOD1S4,NOD1S4-L7,71,,3DMM1502A S/N 002
3D1221A,P2_D8,P2,39,2/8/21,Node 1,1,NOD1O4,NOD1O4-L8,10,,3DMM1502A S/N 002
3D0350A,P2_D9,P2,46,2/15/21,JPM,15,JPM1D4,JPM1D4-R1,62,,3DMM1508A S/N 008
swab.blank,P2_D10,P2,NA,NA,swab.blank,swab.blank,swab.blank,NA,NA,NA,NA
solvent.blank,P2_D11,P2,NA,NA,solvent.blank,solvent.blank,solvent.blank,NA,NA,NA,NA
3D1267A,P2_D12,P2,39,2/8/21,Node 1,4,NOD1S4,NOD1S4-L1,65,,3DMM1502A S/N 002
3D0413A,P2_E1,P2,34,2/3/21,Columbus,15,COL1D4,COL1D4-R2,COL1D4-R2,,3DMM1501A S/N 001
3D1332A,P2_E2,P2,43,2/12/21,Node 2,8,NOD2S2 (Hatch to COL),NOD2S2-L6,98,,3DMM1506A S/N 006
3D1384A,P2_E3,P2,50,2/19/21,Node 3,3,NOD3O5,NOD3O5-L3,32,,3DMM1512A S/N 012
3D0588A,P2_E4,P2,39,2/8/21,Node 1,Field Control,Air Sample,NOD1-F3,85,,3DMM1502A S/N 002
3D1286A,P2_E5,P2,39,2/8/21,Node 1,1,NOD1O4,NOD1O4-L10,12,,3DMM1502A S/N 002
3D1433A,P2_E6,P2,46,2/15/21,JPM,5,JPM1O2,JPM1O2-L1,19,,3DMM1508A S/N 008
3D1350A,P2_E7,P2,50,2/19/21,Node 3,3,NOD3O5,NOD3O5-R4,39,,3DMM1512A S/N 012
3D0223A,P2_E8,P2,40,2/9/21,US Lab,14,LAB1P3,LAB1P3-L2,59,,3DMM1503A S/N 003
3D0369A,P2_E9,P2,46,2/15/21,JPM,17,JPM1O5,JPM1O5-R2,72,,3DMM1508A S/N 008
swab.blank,P2_E10,P2,NA,NA,swab.blank,swab.blank,swab.blank,NA,NA,NA,NA
solvent.blank,P2_E11,P2,NA,NA,solvent.blank,solvent.blank,solvent.blank,NA,NA,NA,NA
3D1218A,P2_E12,P2,50,2/19/21,Node 3,1,NOD3O2 (ARED) / NOD3A2 (ARED BAR PLATFORM OVER BEAM HATCH PORTAL),NOD3A2-L4,4,Note: ARED Bar Platform taken as part NOD3A2,3DMM1511A S/N 011
3D1258A,P2_F1,P2,39,2/8/21,Node 1,2,NOD1P4,NOD1P4-L8,30,"Note from Kate: ""Food warmer is not active""",3DMM1502A S/N 002
3D0574A,P2_F2,P2,40,2/9/21,US Lab,22,LAB1P1,LAB1P1-R1,92,,3DMM1503A S/N 003
3D0220A,P2_F3,P2,40,2/9/21,US Lab,2,LAB1P6,LAB1P6-L1,5,,3DMM1503A S/N 003
3D1475A,P2_F4,P2,46,2/15/21,JLP,1,JLP1A1,JLP1A1-L4,4,,3DMM1505A S/N 007
3D0375A,P2_F5,P2,47,2/16/21,PMM,1,PMM1O1,PMM1O1-L7,7,,3DMM1509A S/N 009
3D0454A,P2_F6,P2,34,2/3/21,Columbus,8,COL1F2,COL1F2-L1,COL1F2-L1,,3DMM1501A S/N 001
3D0552A,P2_F7,P2,40,2/9/21,Node 1,8,NOD1S2 (AIRLOCK HATCH PORTAL),NOD1S2-L2,24,,3DMM1504A S/N 004
3D1000A,P2_F8,P2,50,2/19/21,Node 3,8,NOD3D4,NOD3D4-R6,76,,3DMM1511A S/N 011
3D0367A,P2_F9,P2,47,2/16/21,PMM,2,PMM1P1,PMM1P1-L7,25,,3DMM1509A S/N 009
swab.blank,P2_F10,P2,NA,NA,swab.blank,swab.blank,swab.blank,NA,NA,NA,NA
solvent.blank,P2_F11,P2,NA,NA,solvent.blank,solvent.blank,solvent.blank,NA,NA,NA,NA
3D0414A,P2_F12,P2,34,2/3/21,Columbus,10,COL1A3,COL1A3-R2,COL1A3-R2,,3DMM1501A S/N 001
3D0351A,P2_G1,P2,46,2/15/21,JPM,21,JPM1O6,JPM1O6-R2,89,"Note: JPM1O6 is a Rack, not a Hatch portal to JLP as indicated in the Sampling Plan",3DMM1508A S/N 008
3D0237A,P2_G2,P2,46,2/15/21,JPM,14,JPM1A4,JPM1A4-R1,58,,3DMM1508A S/N 008
3D0578A,P2_G3,P2,40,2/9/21,Node 1,8,NOD1S2 (AIRLOCK HATCH PORTAL),NOD1S2-L10,32,,3DMM1504A S/N 004
3D0875A,P2_G4,P2,43,2/12/21,Node 2,2,NOD2P4,NOD2P4-L4,18,,3DMM1505A S/N 005
3D0867A,P2_G5,P2,40,2/9/21,Node 1,8,NOD1S2 (AIRLOCK HATCH PORTAL),NOD1S2-R10,42,,3DMM1504A S/N 004
3D1262A,P2_G6,P2,39,2/8/21,Node 1,2,NOD1P4,NOD1P4-L5,27,,3DMM1502A S/N 002
3D1014A,P2_G7,P2,50,2/19/21,Node 3,1,NOD3O2 (ARED) / NOD3A2 (ARED BAR PLATFORM OVER BEAM HATCH PORTAL),NOD3A2-R4,18,Note: ARED Bar Platform taken as part NOD3A2,3DMM1511A S/N 011
3D1037A,P2_G8,P2,47,2/16/21,PMM,3,PMM1D1,PMM1D1-L7,43,,3DMM1509A S/N 009
3D1383A,P2_G9,P2,46,2/15/21,JPM,12,JPM1F3,JPM1F3-R2,50,,3DMM1508A S/N 008
swab.blank,P2_G10,P2,NA,NA,swab.blank,swab.blank,swab.blank,NA,NA,NA,NA
solvent.blank,P2_G11,P2,NA,NA,solvent.blank,solvent.blank,solvent.blank,NA,NA,NA,NA
3D0515A,P2_G12,P2,40,2/9/21,US Lab,20,LAB1S2,LAB1S2-L1,81,,3DMM1503A S/N 003
3D0419A,P2_H1,P2,47,2/16/21,Airlock,1,A/L1O1,A/L1O1-L1,1,,3DMM15010A S/N 010
3D1325A,P2_H2,P2,50,2/19/21,Node 3,4,NOD3D5,NOD3D5-R1,50,,3DMM1512A S/N 012
3D0956A,P2_H3,P2,43,2/12/21,Node 2,7,NOD2D2 (Stowage Bag Area),NOD2D2-L1,81,,3DMM1506A S/N 006
3D1445A,P2_H4,P2,46,2/15/21,JPM,3,JPM1D1,JPM1D1-R1,10,,3DMM1508A S/N 008
3D0269A,P2_H5,P2,40,2/9/21,US Lab,2,LAB1P6,LAB1P6-R1 ,6,,3DMM1503A S/N 003
3D1448A,P2_H6,P2,46,2/15/21,JPM,2,JPM1A1,JPM1A1-L2,15,Note: Kate switched Racks 2 and 4,3DMM1508A S/N 008
3D0937A,P2_H7,P2,50,2/19/21,Node 3,6,NOD3O4,NOD3O4-R5,49,,3DMM1511A S/N 011
3D1028A,P2_H8,P2,47,2/16/21,PMM,4,PMM1S1,PMM1S1-L3,57,,3DMM1509A S/N 009
3D0241A,P2_H9,P2,40,2/9/21,US Lab,13,LAB1O3,LAB1O3-R2,56,,3DMM1503A S/N 003
swab.blank,P2_H10,P2,NA,NA,swab.blank,swab.blank,swab.blank,NA,NA,NA,NA
solvent.blank,P2_H11,P2,NA,NA,solvent.blank,solvent.blank,solvent.blank,NA,NA,NA,NA
3D0965A,P2_H12,P2,43,2/12/21,Node 2,7,NOD2D2 (Stowage Bag Area),NOD2D2-L2,82,,3DMM1506A S/N 006
3D1405A,P3_A1,P3,46,2/15/21,JPM,8,JPM1F2,JPM1F2-L1,31,,3DMM1508A S/N 008
3D0526A,P3_A2,P3,39,2/8/21,Node 1,4,NOD1S4,NOD1S4-R1,75,,3DMM1502A S/N 002
3D1431A,P3_A3,P3,46,2/15/21,JPM,6,JPM1A2,JPM1A2-R2,26,,3DMM1508A S/N 008
3D0290A,P3_A4,P3,40,2/9/21,US Lab,Negative Control,Unopened 3DMM Swab Tube,LAB1-N2,52,,3DMM1503A S/N 003
3D0916A,P3_A5,P3,50,2/19/21,Node 3,6,NOD3O4,NOD3O4-R2,46,,3DMM1511A S/N 011
3D1322A,P3_A6,P3,50,2/19/21,Node 3,10,NOD3F2 (Hatch to PMM),NOD3F2-R1,98,,3DMM1512A S/N 012
3D0879A,P3_A7,P3,40,2/9/21,Node 1,8,NOD1S2 (AIRLOCK HATCH PORTAL),NOD1S2-R8,40,,3DMM1504A S/N 004
3D0542A,P3_A8,P3,40,2/9/21,Node 1,6,NOD1P2 (NODE 3 HATCH PORTAL),NOD1P2-R6,16,,3DMM1504A S/N 004
swab.blank,P3_A9,P3,NA,NA,swab.blank,swab.blank,swab.blank,NA,NA,NA,NA
solvent.blank,P3_A10,P3,NA,NA,solvent.blank,solvent.blank,solvent.blank,NA,NA,NA,NA
3D0208A,P3_A11,P3,40,2/9/21,US Lab,2,LAB1P6,LAB1P6-L2,7,,3DMM1503A S/N 003
3D0374A,P3_A12,P3,46,2/15/21,JPM,18,JPM1A5,JPM1A5-L1,73,,3DMM1508A S/N 008
3D1323A,P3_B1,P3,50,2/19/21,Node 3,5,NOD3A5,NOD3A5-L6,61,,3DMM1512A S/N 012
3D0853A,P3_B2,P3,43,2/12/21,Node 2,4,NOD2S4,NOD2S4-L2,42,,3DMM1505A S/N 005
3D0229A,P3_B3,P3,40,2/9/21,US Lab,4,LAB1S6,LAB1S6-R1 ,14,,3DMM1503A S/N 003
3D0432A,P3_B4,P3,47,2/16/21,PMM,3,PMM1D1,PMM1D1-R8,52,,3DMM1509A S/N 009
3D0567A,P3_B5,P3,39,2/8/21,Node 1,4,NOD1S4,NOD1S4-R5,79,,3DMM1502A S/N 002
3D1295A,P3_B6,P3,39,2/8/21,Node 1,2,NOD1P4,NOD1P4-R2,34,,3DMM1502A S/N 002
3D0570A,P3_B7,P3,40,2/9/21,Node 1,6,NOD1P2 (NODE 3 HATCH PORTAL),NOD1P2-R1,11,,3DMM1504A S/N 004
3D0584A,P3_B8,P3,40,2/9/21,US Lab,19,LAB1D2,LAB1D2-L2,79,,3DMM1503A S/N 003
swab.blank,P3_B9,P3,NA,NA,swab.blank,swab.blank,swab.blank,NA,NA,NA,NA
solvent.blank,P3_B10,P3,NA,NA,solvent.blank,solvent.blank,solvent.blank,NA,NA,NA,NA
3D1250A,P3_B11,P3,39,2/8/21,Node 1,Negative Control,Unopened 3DMM Swab Tube,NOD1-N2,44,,3DMM1502A S/N 002
3D0240A,P3_B12,P3,46,2/15/21,JPM,13,JPM1O4,JPM1O4-R2,56,,3DMM1508A S/N 008
3D0503A,P3_C1,P3,40,2/9/21,Node 1,6,NOD1P2 (NODE 3 HATCH PORTAL),NOD1P2-L3,3,,3DMM1504A S/N 004
3D0984A,P3_C2,P3,43,2/12/21,Node 2,Field Control,Air Sample,NOD2-F4,79,,3DMM1506A S/N 006
3D0988A,P3_C3,P3,50,2/19/21,Node 3,1,NOD3O2 (ARED) / NOD3A2 (ARED BAR PLATFORM OVER BEAM HATCH PORTAL),NOD3O2-L12,12,,3DMM1512A S/N 012
3D0531A,P3_C4,P3,40,2/9/21,US Lab,20,LAB1S2,LAB1S2-R2,84,,3DMM1503A S/N 003
3D0306A,P3_C5,P3,47,2/16/21,PMM,1,PMM1O1,PMM1O1-R8,16,,3DMM1509A S/N 009
3D1240A,P3_C6,P3,47,2/16/21,Airlock,2,A/L1A1,A/L1A1-L1,7,,3DMM15010A S/N 010
3D0492A,P3_C7,P3,34,2/3/21,Columbus,6,COL1A2,COL1A2-R1,COL1A2-R1,,3DMM1501A S/N 001
3D0969A,P3_C8,P3,46,2/15/21,JPM,15,JPM1D4,JPM1D4-L1,61,,3DMM1508A S/N 008
swab.blank,P3_C9,P3,NA,NA,swab.blank,swab.blank,swab.blank,NA,NA,NA,NA
solvent.blank,P3_C10,P3,NA,NA,solvent.blank,solvent.blank,solvent.blank,NA,NA,NA,NA
3D1351A,P3_C11,P3,50,2/19/21,Node 3,5,NOD3A5,NOD3A5-L2,57,,3DMM1512A S/N 012
3D0421A,P3_C12,P3,47,2/16/21,Airlock,Field Control,Air Sample,A/L1-F3,17,,3DMM15010A S/N 010
3D0444A,P3_D1,P3,34,2/3/21,Columbus,14,COL1A4,COL1A4-R2,COL1A4-R2,unlabbeled ,3DMM1501A S/N 001
3D0508A,P3_D2,P3,40,2/9/21,Node 1,6,NOD1P2 (NODE 3 HATCH PORTAL),NOD1P2-R4,14,,3DMM1504A S/N 004
3D0930A,P3_D3,P3,50,2/19/21,Node 3,Field Control,Air Sample,NOD3-F1,22,,3DMM1511A S/N 011
3D0263A,P3_D4,P3,40,2/9/21,US Lab,8,LAB1S5,LAB1S5-L1,31,,3DMM1503A S/N 003
3D0235A,P3_D5,P3,40,2/9/21,US Lab,2,LAB1P6,LAB1P6-R2,8,,3DMM1503A S/N 003
3D0242A,P3_D6,P3,40,2/9/21,US Lab,3,LAB1D6,LAB1D6-L1 ,9,,3DMM1503A S/N 003
3D0480A,P3_D7,P3,34,2/3/21,Columbus,3,COL1D1,COL1D1-L2,COL1D1-L2,,3DMM1501A S/N 001
3D0282A,P3_D8,P3,46,2/15/21,JPM,10,JPM1A3,JPM1A3-L2,41,,3DMM1508A S/N 008
swab.blank,P3_D9,P3,NA,NA,swab.blank,swab.blank,swab.blank,NA,NA,NA,NA
solvent.blank,P3_D10,P3,NA,NA,solvent.blank,solvent.blank,solvent.blank,NA,NA,NA,NA
3D1204A,P3_D11,P3,47,2/16/21,Airlock,Negative Control,Unopened 3DMM Swab Tube,A/L1-N1,6,,3DMM15010A S/N 010
3D0962A,P3_D12,P3,50,2/19/21,Node 3,2,NOD3F5 (T2),NOD3F5-R4,35,,3DMM1511A S/N 011
3D0592A,P3_E1,P3,40,2/9/21,Node 1,6,NOD1P2 (NODE 3 HATCH PORTAL),NOD1P2-L10,10,,3DMM1504A S/N 004
3D0572A,P3_E2,P3,40,2/9/21,Node 1,6,NOD1P2 (NODE 3 HATCH PORTAL),NOD1P2-R9,19,,3DMM1504A S/N 004
3D1298A,P3_E3,P3,39,2/8/21,Node 1,2,NOD1P4,NOD1P4-L7,29,"Note from Kate: ""Food warmer is not active""",3DMM1502A S/N 002
3D0974A,P3_E4,P3,46,2/15/21,JPM,12,JPM1F3,JPM1F3-R1,48,,3DMM1508A S/N 008
3D0378A,P3_E5,P3,47,2/16/21,PMM,2,PMM1P1,PMM1P1-L4,22,,3DMM1509A S/N 009
3D0457A,P3_E6,P3,34,2/3/21,Columbus,9,COL1O3,COL1O3-R1,COL1O3-R1,,3DMM1501A S/N 001
3D0426A,P3_E7,P3,47,2/16/21,PMM,4,PMM1S1,PMM1S1-R5,67,,3DMM1509A S/N 009
3D0260A,P3_E8,P3,43,2/12/21,Node 2,6,NOD2P2 (Hatch to JPM),NOD2P2-R2,74,,3DMM1505A S/N 005
swab.blank,P3_E9,P3,NA,NA,swab.blank,swab.blank,swab.blank,NA,NA,NA,NA
solvent.blank,P3_E10,P3,NA,NA,solvent.blank,solvent.blank,solvent.blank,NA,NA,NA,NA
3D1005A,P3_E11,P3,47,2/16/21,Airlock,2,A/L1A1,A/L1A1-R1,8,,3DMM15010A S/N 010
3D0218A,P3_E12,P3,40,2/9/21,US Lab,15,LAB1D3,LAB1D3-L1,61,,3DMM1503A S/N 003
3D0973A,P3_F1,P3,46,2/15/21,JPM,13,JPM1O4,JPM1O4-L1,53,,3DMM1508A S/N 008
3D1341A,P3_F2,P3,50,2/19/21,Node 3,5,NOD3A5,NOD3A5-R4,65,,3DMM1512A S/N 012
3D1372A,P3_F3,P3,50,2/19/21,Node 3,3,NOD3O5,NOD3O5-R2,37,,3DMM1512A S/N 012
3D0525A,P3_F4,P3,40,2/9/21,Node 1,8,NOD1S2 (AIRLOCK HATCH PORTAL),NOD1S2-L9,31,,3DMM1504A S/N 004
3D1244A,P3_F5,P3,39,2/8/21,Node 1,2,NOD1P4,NOD1P4-L6,28,,3DMM1502A S/N 002
3D1309A,P3_F6,P3,43,2/12/21,Node 2,Field Control,Air Sample,NOD2-F5,105,,3DMM1506A S/N 006
3D0594A,P3_F7,P3,40,2/9/21,US Lab,20,LAB1S2,LAB1S2-R1,82,,3DMM1503A S/N 003
3D0219A,P3_F8,P3,40,2/9/21,US Lab,17,LAB1O2,LAB1O2-L2,71,,3DMM1503A S/N 003
swab.blank,P3_F9,P3,NA,NA,swab.blank,swab.blank,swab.blank,NA,NA,NA,NA
solvent.blank,P3_F10,P3,NA,NA,solvent.blank,solvent.blank,solvent.blank,NA,NA,NA,NA
3D1346A,P3_F11,P3,50,2/19/21,Node 3,9,NOD3A4,NOD3A4-L2,78,,3DMM1512A S/N 012
3D0484A,P3_F12,P3,34,2/3/21,Columbus,13,COL1O4,COL1O4-R1,COL1O4-R1,,3DMM1501A S/N 001
3D0595A,P3_G1,P3,40,2/9/21,Node 1,6,NOD1P2 (NODE 3 HATCH PORTAL),NOD1P2-L1,1,,3DMM1504A S/N 004
3D1254A,P3_G2,P3,39,2/8/21,Node 1,1,NOD1O4,NOD1O4-L9,11,,3DMM1502A S/N 002
3D0245A,P3_G3,P3,40,2/9/21,US Lab,1,LAB1O6,LAB1O6-R2,4,,3DMM1503A S/N 003
3D1356A,P3_G4,P3,50,2/19/21,Node 3,5,NOD3A5,NOD3A5-L1,56,,3DMM1512A S/N 012
3D1398A,P3_G5,P3,50,2/19/21,Node 3,9,NOD3A4,NOD3A4-L1,77,,3DMM1512A S/N 012
3D1478A,P3_G6,P3,46,2/15/21,JPM,4,JPM1F1,JPM1F1-L1,5,Note: Kate switched Racks 2 and 4,3DMM1508A S/N 008
3D0512A,P3_G7,P3,40,2/9/21,Node 1,6,NOD1P2 (NODE 3 HATCH PORTAL),NOD1P2-R5,15,,3DMM1504A S/N 004
3D0952A,P3_G8,P3,46,2/15/21,JPM,9,JPM1O3,JPM1O3-L2,37,,3DMM1508A S/N 008
swab.blank,P3_G9,P3,NA,NA,swab.blank,swab.blank,swab.blank,NA,NA,NA,NA
solvent.blank,P3_G10,P3,NA,NA,solvent.blank,solvent.blank,solvent.blank,NA,NA,NA,NA
3D0002A,P3_G11,P3,50,2/19/21,Node 3,9,NOD3A4,NOD3A4-L5,81,,3DMM1512A S/N 012
3D1379A,P3_G12,P3,50,2/19/21,Node 3,10,NOD3F2 (Hatch to PMM),NOD3F2-L3,93,,3DMM1512A S/N 012
3D0861A,P3_H1,P3,43,2/12/21,Node 2,2,NOD2P4,NOD2P4-L5,19,,3DMM1505A S/N 005
3D0891A,P3_H2,P3,40,2/9/21,Node 1,8,NOD1S2 (AIRLOCK HATCH PORTAL),NOD1S2-R9,41,,3DMM1504A S/N 004
3D1409A,P3_H3,P3,46,2/15/21,JLP,3,JLP1F1,JLP1F1-L4,24,,3DMM1505A S/N 007
3D1463A,P3_H4,P3,46,2/15/21,JLP,3,JLP1F1, JLP1F1-R2,26,,3DMM1505A S/N 007
3D0372A,P3_H5,P3,46,2/15/21,JPM,22,JPM1A6,JPM1A6-R2,93,,3DMM1508A S/N 008
3D1229A,P3_H6,P3,39,2/8/21,Node 1,3,NOD1D4,NOD1D4-L3,47,,3DMM1502A S/N 002
3D0568A,P3_H7,P3,40,2/9/21,US Lab,19,LAB1D2,LAB1D2-R1,78,,3DMM1503A S/N 003
3D0322A,P3_H8,P3,46,2/15/21,JPM,22,JPM1A6,JPM1A6-L2,92,,3DMM1508A S/N 008
swab.blank,P3_H9,P3,NA,NA,swab.blank,swab.blank,swab.blank,NA,NA,NA,NA
solvent.blank,P3_H10,P3,NA,NA,solvent.blank,solvent.blank,solvent.blank,NA,NA,NA,NA
3D0391A,P3_H11,P3,46,2/15/21,JPM,24,JPM1F6,JPM1F6-R1,99,,3DMM1508A S/N 008
3D0201A,P3_H12,P3,40,2/9/21,US Lab,16,LAB1S3,LAB1S3-R2,68,,3DMM1503A S/N 003
3D1392A,P4_A1,P4,46,2/15/21,JPM,14,JPM1A4,JPM1A4-L2,59,,3DMM1508A S/N 008
3D1273A,P4_A2,P4,39,2/8/21,Node 1,3,NOD1D4,NOD1D4-R7,61,,3DMM1502A S/N 002
3D0593A,P4_A3,P4,39,2/8/21,Node 1,4,NOD1S4,NOD1S4-R10,84,,3DMM1502A S/N 002
3D0293A,P4_A4,P4,40,2/9/21,US Lab,7,LAB1D5,LAB1D5-R2,30,,3DMM1503A S/N 003
3D0968A,P4_A5,P4,46,2/15/21,JPM,13,JPM1O4,JPM1O4-R1,54,,3DMM1508A S/N 008
3D1423A,P4_A6,P4,46,2/15/21,JLP,3,JLP1F1, JLP1F1-L2,22,,3DMM1505A S/N 007
3D1025A,P4_A7,P4,47,2/16/21,PMM,3,PMM1D1,PMM1D1-L6,42,,3DMM1509A S/N 009
swab.blank,P4_A8,P4,NA,NA,swab.blank,swab.blank,swab.blank,NA,NA,NA,NA
solvent.blank,P4_A9,P4,NA,NA,solvent.blank,solvent.blank,solvent.blank,NA,NA,NA,NA
3D0380A,P4_A10,P4,47,2/16/21,PMM,1,PMM1O1,PMM1O1-R2,10,,3DMM1509A S/N 009
3D0406A,P4_A11,P4,34,2/3/21,Columbus,7,COL1D2,COL1D2-L1,COL1D2-L1,,3DMM1501A S/N 001
3D1486A,P4_A12,P4,46,2/15/21,JLP,Negative Control,Unopened 3DMM Swab Tube,JLP1-N2,20,,3DMM1505A S/N 007
3D0848A,P4_B1,P4,40,2/9/21,Node 1,Negative Control,Unopened 3DMM Swab Tube,NOD1-N5,44,,3DMM1504A S/N 004
3D1282A,P4_B2,P4,39,2/8/21,Node 1,1,NOD1O4,NOD1O4-L7,9,,3DMM1502A S/N 002
3D1260A,P4_B3,P4,39,2/8/21,Node 1,4,NOD1S4,NOD1S4-L3,67,,3DMM1502A S/N 002
3D0300A,P4_B4,P4,40,2/9/21,US Lab,3,LAB1D6,LAB1D6-R1 ,10,,3DMM1503A S/N 003
3D0502A,P4_B5,P4,40,2/9/21,Node 1,8,NOD1S2 (AIRLOCK HATCH PORTAL),NOD1S2-L3,25,,3DMM1504A S/N 004
3D1377A,P4_B6,P4,50,2/19/21,Node 3,4,NOD3D5,NOD3D5-R5,54,,3DMM1512A S/N 012
3D1015A,P4_B7,P4,47,2/16/21,Airlock,3,A/L1D1,A/L1D1-R2,16,,3DMM15010A S/N 010
swab.blank,P4_B8,P4,NA,NA,swab.blank,swab.blank,swab.blank,NA,NA,NA,NA
solvent.blank,P4_B9,P4,NA,NA,solvent.blank,solvent.blank,solvent.blank,NA,NA,NA,NA
3D1358A,P4_B10,P4,43,2/12/21,Node 2,7,NOD2D2 (Stowage Bag Area),NOD2D2-R3,89,,3DMM1506A S/N 006
3D0955A,P4_B11,P4,50,2/19/21,Node 3,8,NOD3D4,NOD3D4-L4,68,,3DMM1511A S/N 011
3D0888A,P4_B12,P4,43,2/12/21,Node 2,1,NOD2O4,NOD2O4-L1,1,,3DMM1505A S/N 005
3D1390A,P4_C1,P4,43,2/12/21,Node 2,8,NOD2S2 (Hatch to COL),NOD2S2-R6,104,,3DMM1506A S/N 006
3D0945A,P4_C2,P4,50,2/19/21,Node 3,6,NOD3O4,NOD3O4-R3,47,,3DMM1511A S/N 011
3D0858A,P4_C3,P4,43,2/12/21,Node 2,1,NOD2O4,NOD2O4-L5,7,,3DMM1505A S/N 005
3D1359A,P4_C4,P4,50,2/19/21,Node 3,5,NOD3A5,NOD3A5-L3,58,,3DMM1512A S/N 012
3D1237A,P4_C5,P4,39,2/8/21,Node 1,1,NOD1O4,NOD1O4-R10,22,,3DMM1502A S/N 002
3D0474A,P4_C6,P4,34,2/3/21,Columbus,9,COL1O3,COL1O3-R2,COL1O3-R2,,3DMM1501A S/N 001
3D0261A,P4_C7,P4,43,2/12/21,Node 2,8,NOD2S2 (Hatch to COL),NOD2S2-L5,97,,3DMM1506A S/N 006
swab.blank,P4_C8,P4,NA,NA,swab.blank,swab.blank,swab.blank,NA,NA,NA,NA
solvent.blank,P4_C9,P4,NA,NA,solvent.blank,solvent.blank,solvent.blank,NA,NA,NA,NA
3D0473A,P4_C10,P4,34,2/3/21,Columbus,2,COL1A1,COL1A1-L2,COL1A1-L2,,3DMM1501A S/N 001
3D0433A,P4_C11,P4,34,2/3/21,Columbus,14,COL1A4,COL1A4-L1,COL1A4-L1,,3DMM1501A S/N 001
3D0265A,P4_C12,P4,43,2/12/21,Node 2,Negative Control,Unopened 3DMM Swab Tube,NOD2-N4,80,,3DMM1506A S/N 006
3D0889A,P4_D1,P4,43,2/12/21,Node 2,2,NOD2P4,NOD2P4-L2,16,,3DMM1505A S/N 005
3D1437A,P4_D2,P4,46,2/15/21,JPM,3,JPM1D1,JPM1D1-L1,9,,3DMM1508A S/N 008
3D1249A,P4_D3,P4,39,2/8/21,Node 1,3,NOD1D4,NOD1D4-R10,64,,3DMM1502A S/N 002
3D1234A,P4_D4,P4,39,2/8/21,Node 1,1,NOD1O4,NOD1O4-L5,7,,3DMM1502A S/N 002
3D0354A,P4_D5,P4,46,2/15/21,JPM,24,JPM1F6,JPM1F6-L2,100,,3DMM1508A S/N 008
3D1314A,P4_D6,P4,50,2/19/21,Node 3,3,NOD3O5,NOD3O5-R6,41,,3DMM1512A S/N 012
3D0286A,P4_D7,P4,40,2/9/21,US Lab,9,LAB1O4,LAB1O4-R2,38,,3DMM1503A S/N 003
swab.blank,P4_D8,P4,NA,NA,swab.blank,swab.blank,swab.blank,NA,NA,NA,NA
solvent.blank,P4_D9,P4,NA,NA,solvent.blank,solvent.blank,solvent.blank,NA,NA,NA,NA
3D0376A,P4_D10,P4,46,2/15/21,JPM,17,JPM1O5,JPM1O5-L2,71,,3DMM1508A S/N 008
3D1248A,P4_D11,P4,39,2/8/21,Node 1,2,NOD1P4,NOD1P4-R1,33,,3DMM1502A S/N 002
3D0394A,P4_D12,P4,47,2/16/21,PMM,2,PMM1P1,PMM1P1-L3,21,,3DMM1509A S/N 009
3D1021A,P4_E1,P4,47,2/16/21,PMM,3,PMM1D1,PMM1D1-L3,39,,3DMM1509A S/N 009
3D0239A,P4_E2,P4,40,2/9/21,US Lab,12,LAB1S4,LAB1S4-L2,49,,3DMM1503A S/N 003
3D0446A,P4_E3,P4,34,2/3/21,Columbus,12,COL1F3,COL1 F3-R2,COL1 F3-R2,,3DMM1501A S/N 001
3D0418A,P4_E4,P4,34,2/3/21,Columbus,5,COL1O2,COL1O2-R1,COL1O2-R1,,3DMM1501A S/N 001
3D1300A,P4_E5,P4,39,2/8/21,Node 1,2,NOD1P4,NOD1P4-L9,31,,3DMM1502A S/N 002
3D1426A,P4_E6,P4,46,2/15/21,JLP,1,JLP1A1,JLP1A1-L3,3,,3DMM1505A S/N 007
3D0297A,P4_E7,P4,40,2/9/21,US Lab,17,LAB1O2,LAB1O2-R2,72,,3DMM1503A S/N 003
swab.blank,P4_E8,P4,NA,NA,swab.blank,swab.blank,swab.blank,NA,NA,NA,NA
solvent.blank,P4_E9,P4,NA,NA,solvent.blank,solvent.blank,solvent.blank,NA,NA,NA,NA
3D0507A,P4_E10,P4,39,2/8/21,Node 1,4,NOD1S4,NOD1S4-L9,73,,3DMM1502A S/N 002
3D0402A,P4_E11,P4,50,2/19/21,Node 3,1,NOD3O2 (ARED) / NOD3A2 (ARED BAR PLATFORM OVER BEAM HATCH PORTAL),NOD3A2-R2,16,Note: ARED Bar Platform taken as part NOD3A2,3DMM1511A S/N 011
3D0927A,P4_E12,P4,50,2/19/21,Node 3,2,NOD3F5 (T2),NOD3F5-L1,24,,3DMM1511A S/N 011
3D1488A,P4_F1,P4,46,2/15/21,JLP,1,JLP1A1, JLP1A1-R4,8,,3DMM1505A S/N 007
3D0346A,P4_F2,P4,46,2/15/21,JPM,16,JPM1F4,JPM1F4-L1,65,,3DMM1508A S/N 008
3D1307A,P4_F3,P4,50,2/19/21,Node 3,11,NOD3D2 (Cupola / Hatch to Cupola),NOD3D2-C5,109,,3DMM1512A S/N 012
3D0915A,P4_F4,P4,50,2/19/21,Node 3,Negative Control,Unopened 3DMM Swab Tube,NOD3-N1,23,,3DMM1511A S/N 011
3D0377A,P4_F5,P4,46,2/15/21,JPM,16,JPM1F4,JPM1F4-L2,67,,3DMM1508A S/N 008
3D0997A,P4_F6,P4,50,2/19/21,Node 3,1,NOD3O2 (ARED) / NOD3A2 (ARED BAR PLATFORM OVER BEAM HATCH PORTAL),NOD3O2-R8,22,,3DMM1512A S/N 012
3D0209A,P4_F7,P4,40,2/9/21,US Lab,12,LAB1S4,LAB1S4-R1,48,,3DMM1503A S/N 003
swab.blank,P4_F8,P4,NA,NA,swab.blank,swab.blank,swab.blank,NA,NA,NA,NA
solvent.blank,P4_F9,P4,NA,NA,solvent.blank,solvent.blank,solvent.blank,NA,NA,NA,NA
3D1340A,P4_F10,P4,50,2/19/21,Node 3,11,NOD3D2 (Cupola / Hatch to Cupola),NOD3D2-C6,110,,3DMM1512A S/N 012
3D0257A,P4_F11,P4,43,2/12/21,Node 2,6,NOD2P2 (Hatch to JPM),NOD2P2-L2,68,,3DMM1505A S/N 005
3D0404A,P4_F12,P4,47,2/16/21,PMM,4,PMM1S1,PMM1S1-R8,70,,3DMM1509A S/N 009
3D0471A,P4_G1,P4,34,2/3/21,Columbus,16,COL1F4,COL1F4-L1,COL1F4-L1,,3DMM1501A S/N 001
3D1374A,P4_G2,P4,50,2/19/21,Node 3,3,NOD3O5,NOD3O5-R1,36,,3DMM1512A S/N 012
3D0252A,P4_G3,P4,46,2/15/21,JPM,14,JPM1A4,JPM1A4-R2,60,,3DMM1508A S/N 008
3D0270A,P4_G4,P4,46,2/15/21,JPM,Field Control,Air Sample,JPM1-F2,51,,3DMM1508A S/N 008
3D0464A,P4_G5,P4,34,2/3/21,Columbus,1,COL1O1,COL1O1-R1,COL1O1-R1,,3DMM1501A S/N 001
3D0545A,P4_G6,P4,39,2/8/21,Node 1,4,NOD1S4,NOD1S4-R9,83,,3DMM1502A S/N 002
3D1492A,P4_G7,P4,46,2/15/21,JLP,1,JLP1A1, JLP1A1-R3,7,,3DMM1505A S/N 007
swab.blank,P4_G8,P4,NA,NA,swab.blank,swab.blank,swab.blank,NA,NA,NA,NA
solvent.blank,P4_G9,P4,NA,NA,solvent.blank,solvent.blank,solvent.blank,NA,NA,NA,NA
3D1434A,P4_G10,P4,46,2/15/21,JLP,Negative Control,Unopened 3DMM Swab Tube,JLP1-N3,30,,3DMM1505A S/N 007
3D0268A,P4_G11,P4,40,2/9/21,US Lab,10,LAB1P4,LAB1P4-L1,39,,3DMM1503A S/N 003
3D0494A,P4_G12,P4,34,2/3/21,Columbus,9,COL1O3,COL1O3-L1,COL1O3-L1,,3DMM1501A S/N 001
3D0258A,P4_H1,P4,43,2/12/21,Node 2,5,NOD2O2 (Hatch to PMA-3),NOD2O2-R3,63,,3DMM1505A S/N 005
3D0911A,P4_H2,P4,50,2/19/21,Node 3,8,NOD3D4,NOD3D4-L5,69,,3DMM1511A S/N 011
3D1371A,P4_H3,P4,50,2/19/21,Node 3,10,NOD3F2 (Hatch to PMM),NOD3F2-R5,102,,3DMM1512A S/N 012
3D0943A,P4_H4,P4,50,2/19/21,Node 3,2,NOD3F5 (T2),NOD3F5-L6,31,,3DMM1511A S/N 011
3D1410A,P4_H5,P4,46,2/15/21,JPM,7,JPM1D2,JPM1D2-R2,30,,3DMM1508A S/N 008
3D1400A,P4_H6,P4,46,2/15/21,JPM,11,JPM1D3,JPM1D3-L1,43,,3DMM1508A S/N 008
3D1271A,P4_H7,P4,39,2/8/21,Node 1,3,NOD1D4,NOD1D4-L6,50,,3DMM1502A S/N 002
swab.blank,P4_H8,P4,NA,NA,swab.blank,swab.blank,swab.blank,NA,NA,NA,NA
solvent.blank,P4_H9,P4,NA,NA,solvent.blank,solvent.blank,solvent.blank,NA,NA,NA,NA
3D0886A,P4_H10,P4,43,2/12/21,Node 2,1,NOD2O4,NOD2O4-R3,11,,3DMM1505A S/N 005
3D0994A,P4_H11,P4,50,2/19/21,Node 3,2,NOD3F5 (T2),NOD3F5-R6,29,,3DMM1511A S/N 011
3D0964A,P4_H12,P4,43,2/12/21,Node 2,8,NOD2S2 (Hatch to COL),NOD2S2-R1,99,,3DMM1506A S/N 006
3D0450A,P5_A1,P5,34,2/3/21,Columbus,5,COL1O2,COL1O2-R2,COL1O2-R2,,3DMM1501A S/N 001
3D0925A,P5_A2,P5,50,2/19/21,Node 3,6,NOD3O4,NOD3O4-L2,41,,3DMM1511A S/N 011
3D0895A,P5_A3,P5,43,2/12/21,Node 2,3,NOD2D4,NOD2D4-L1,29,,3DMM1505A S/N 005
3D1280A,P5_A4,P5,39,2/8/21,Node 1,4,NOD1S4,NOD1S4-L4,68,,3DMM1502A S/N 002
3D0921A,P5_A5,P5,50,2/19/21,Node 3,1,NOD3O2 (ARED) / NOD3A2 (ARED BAR PLATFORM OVER BEAM HATCH PORTAL),NOD3O2-L13,13,,3DMM1512A S/N 012
3D0946A,P5_A6,P5,43,2/12/21,Node 2,8,NOD2S2 (Hatch to COL),NOD2S2-L3,95,,3DMM1506A S/N 006
swab.blank,P5_A7,P5,NA,NA,swab.blank,swab.blank,swab.blank,NA,NA,NA,NA
solvent.blank,P5_A8,P5,NA,NA,solvent.blank,solvent.blank,solvent.blank,NA,NA,NA,NA
3D0205A,P5_A9,P5,40,2/9/21,US Lab,7,LAB1D5,LAB1D5-L1,27,,3DMM1503A S/N 003
3D0876A,P5_A10,P5,43,2/12/21,Node 2,1,NOD2O4,NOD2O4-R5,13,,3DMM1505A S/N 005
3D1238A,P5_A11,P5,39,2/8/21,Node 1,1,NOD1O4,NOD1O4-R1,13,,3DMM1502A S/N 002
3D1208A,P5_A12,P5,47,2/16/21,PMM,3,PMM1D1,PMM1D1-R2,46,,3DMM1509A S/N 009
3D0837A,P5_B1,P5,43,2/12/21,Node 2,4,NOD2S4,NOD2S4-R1,47,,3DMM1505A S/N 005
3D1283A,P5_B2,P5,39,2/8/21,Node 1,1,NOD1O4,NOD1O4-L2,4,,3DMM1502A S/N 002
3D0936A,P5_B3,P5,50,2/19/21,Node 3,Field Control,Air Sample,NOD3-F4,63,,3DMM1511A S/N 011
3D0872A,P5_B4,P5,43,2/12/21,Node 2,3,NOD2D4,NOD2D4-L5,33,,3DMM1505A S/N 005
3D0938A,P5_B5,P5,43,2/12/21,Node 2,6,NOD2P2 (Hatch to JPM),NOD2P2-R6,78,,3DMM1505A S/N 005
3D0961A,P5_B6,P5,50,2/19/21,Node 3,1,NOD3O2 (ARED) / NOD3A2 (ARED BAR PLATFORM OVER BEAM HATCH PORTAL),NOD3A2-R5,19,Note: ARED Bar Platform taken as part NOD3A2,3DMM1511A S/N 011
swab.blank,P5_B7,P5,NA,NA,swab.blank,swab.blank,swab.blank,NA,NA,NA,NA
solvent.blank,P5_B8,P5,NA,NA,solvent.blank,solvent.blank,solvent.blank,NA,NA,NA,NA
3D0362A,P5_B9,P5,46,2/15/21,JPM,22,JPM1A6,JPM1A6-R1,91,,3DMM1508A S/N 008
3D1385A,P5_B10,P5,43,2/12/21,Node 2,7,NOD2D2 (Stowage Bag Area),NOD2D2-R6,92,,3DMM1506A S/N 006
3D0918A,P5_B11,P5,50,2/19/21,Node 3,7,NOD3F4,NOD3F4-L1,51,Note: 51 was repeated in error (NOD301-R1),3DMM1511A S/N 011
3D0843A,P5_B12,P5,43,2/12/21,Node 2,5,NOD2O2 (Hatch to PMA-3),NOD2O2-L3,57,,3DMM1505A S/N 005
3D1272A,P5_C1,P5,39,2/8/21,Node 1,Negative Control,Unopened 3DMM Swab Tube,NOD1-N1,2,,3DMM1502A S/N 002
3D0497A,P5_C2,P5,34,2/3/21,Columbus,Negative Control,Unopened 3DMM Swab Tube,COL1-N1,COL1-N1,,3DMM1501A S/N 001
3D1206A,P5_C3,P5,50,2/19/21,Node 3,1,NOD3O2 (ARED) / NOD3A2 (ARED BAR PLATFORM OVER BEAM HATCH PORTAL),NOD3A2-R3,17,Note: ARED Bar Platform taken as part NOD3A2,3DMM1511A S/N 011
3D1490A,P5_C4,P5,46,2/15/21,JPM,4,JPM1F1,JPM1F1-R1,6,Note: Kate switched Racks 2 and 4,3DMM1508A S/N 008
3D0358A,P5_C5,P5,47,2/16/21,PMM,1,PMM1O1,PMM1O1-L6,6,,3DMM1509A S/N 009
3D0854A,P5_C6,P5,43,2/12/21,Node 2,1,NOD2O4,NOD2O4-L6,8,,3DMM1505A S/N 005
swab.blank,P5_C7,P5,NA,NA,swab.blank,swab.blank,swab.blank,NA,NA,NA,NA
solvent.blank,P5_C8,P5,NA,NA,solvent.blank,solvent.blank,solvent.blank,NA,NA,NA,NA
3D0978A,P5_C9,P5,50,2/19/21,Node 3,8,NOD3D4,NOD3D4-L6,70,,3DMM1511A S/N 011
3D0304A,P5_C10,P5,46,2/15/21,JPM,20,JPM1F5,JPM1F5-R1,82,,3DMM1508A S/N 008
3D0459A,P5_C11,P5,34,2/3/21,Columbus,8,COL1F2,COL1F2-R1,COL1F2-R1,,3DMM1501A S/N 001
3D1209A,P5_C12,P5,47,2/16/21,PMM,3,PMM1D1,PMM1D1-R6,50,,3DMM1509A S/N 009
3D0859A,P5_D1,P5,43,2/12/21,Node 2,1,NOD2O4,NOD2O4-R2,10,,3DMM1505A S/N 005
3D0232A,P5_D2,P5,40,2/9/21,US Lab,11,LAB1D4,LAB1D4-L2,45,,3DMM1503A S/N 003
3D0204A,P5_D3,P5,40,2/9/21,US Lab,16,LAB1S3,LAB1S3-R1,66,,3DMM1503A S/N 003
3D0359A,P5_D4,P5,46,2/15/21,JPM,23,JPM1D6,JPM1D6-R2,97,,3DMM1508A S/N 008
3D0883A,P5_D5,P5,43,2/12/21,Node 2,Field Control,Air Sample,NOD2-F1,3,,3DMM1505A S/N 005
3D1294A,P5_D6,P5,39,2/8/21,Node 1,2,NOD1P4,NOD1P4-R6,38,,3DMM1502A S/N 002
swab.blank,P5_D7,P5,NA,NA,swab.blank,swab.blank,swab.blank,NA,NA,NA,NA
solvent.blank,P5_D8,P5,NA,NA,solvent.blank,solvent.blank,solvent.blank,NA,NA,NA,NA
3D0456A,P5_D9,P5,34,2/3/21,Columbus,7,COL1D2,COL1D2-R2,COL1D2-R2,,3DMM1501A S/N 001
3D1327A,P5_D10,P5,43,2/12/21,Node 2,6,NOD2P2 (Hatch to JPM),NOD2P2-L5,71,,3DMM1505A S/N 005
3D0976A,P5_D11,P5,50,2/19/21,Node 3,6,NOD3O4,NOD3O4-L3,42,,3DMM1511A S/N 011
3D1381A,P5_D12,P5,50,2/19/21,Node 3,9,NOD3A4,NOD3A4-L6,82,,3DMM1512A S/N 012
3D0314A,P5_E1,P5,47,2/16/21,PMM,1,PMM1O1,PMM1O1-L8,8,,3DMM1509A S/N 009
3D0990A,P5_E2,P5,50,2/19/21,Node 3,1,NOD3O2 (ARED) / NOD3A2 (ARED BAR PLATFORM OVER BEAM HATCH PORTAL),NOD3O2-R11,25,,3DMM1512A S/N 012
3D1275A,P5_E3,P5,39,2/8/21,Node 1,3,NOD1D4,NOD1D4-R9,63,,3DMM1502A S/N 002
3D0841A,P5_E4,P5,43,2/12/21,Node 2,2,NOD2P4,NOD2P4-L1,15,,3DMM1505A S/N 005
3D0308A,P5_E5,P5,47,2/16/21,PMM,2,PMM1P1,PMM1P1-L8,26,,3DMM1509A S/N 009
3D1389A,P5_E6,P5,50,2/19/21,Node 3,Negative Control,Unopened 3DMM Swab Tube,NOD3-N2,43,,3DMM1512A S/N 012
swab.blank,P5_E7,P5,NA,NA,swab.blank,swab.blank,swab.blank,NA,NA,NA,NA
solvent.blank,P5_E8,P5,NA,NA,solvent.blank,solvent.blank,solvent.blank,NA,NA,NA,NA
3D0868A,P5_E9,P5,43,2/12/21,Node 2,2,NOD2P4,NOD2P4-R2,22,,3DMM1505A S/N 005
3D0870A,P5_E10,P5,43,2/12/21,Node 2,1,NOD2O4,NOD2O4-R6,14,,3DMM1505A S/N 005
3D0281A,P5_E11,P5,40,2/9/21,US Lab,12,LAB1S4,LAB1S4-R2,50,,3DMM1503A S/N 003
3D1396A,P5_E12,P5,43,2/12/21,Node 2,8,NOD2S2 (Hatch to COL),NOD2S2-R2,100,,3DMM1506A S/N 006
3D0540A,P5_F1,P5,40,2/9/21,Node 1,8,NOD1S2 (AIRLOCK HATCH PORTAL),NOD1S2-L1,23,,3DMM1504A S/N 004
3D1223A,P5_F2,P5,39,2/8/21,Node 1,4,NOD1S4,NOD1S4-L5,69,,3DMM1502A S/N 002
3D0971A,P5_F3,P5,46,2/15/21,JPM,Negative Control,Unopened 3DMM Swab Tube,JPM1-N2,52,,3DMM1508A S/N 008
3D0842A,P5_F4,P5,43,2/12/21,Node 2,4,NOD2S4,NOD2S4-L6,46,,3DMM1505A S/N 005
3D0901A,P5_F5,P5,50,2/19/21,Node 3,7,NOD3F4,NOD3F4-R2,58,,3DMM1511A S/N 011
3D0465A,P5_F6,P5,34,2/3/21,Columbus,13,COL1O4,COL1O4-L1,COL1O4-L1,,3DMM1501A S/N 001
swab.blank,P5_F7,P5,NA,NA,swab.blank,swab.blank,swab.blank,NA,NA,NA,NA
solvent.blank,P5_F8,P5,NA,NA,solvent.blank,solvent.blank,solvent.blank,NA,NA,NA,NA
3D0599A,P5_F9,P5,40,2/9/21,Node 1,6,NOD1P2 (NODE 3 HATCH PORTAL),NOD1P2-L8,8,,3DMM1504A S/N 004
3D1403A,P5_F10,P5,46,2/15/21,JPM,Negative Control,Unopened 3DMM Swab Tube,JPM1-N1,18,,3DMM1508A S/N 008
3D0437A,P5_F11,P5,34,2/3/21,Columbus,3,COL1D1,COL1D1-L1,COL1D1-L1,,3DMM1501A S/N 001
3D0357A,P5_F12,P5,46,2/15/21,JPM,23,JPM1D6,JPM1D6-R1,95,,3DMM1508A S/N 008
3D1091A,P5_G1,P5,50,2/19/21,Node 3,11,NOD3D2 (Cupola / Hatch to Cupola),NOD3D2-R1,115,,3DMM1512A S/N 012
3D1474A,P5_G2,P5,46,2/15/21,JPM,2,JPM1A1,JPM1A1-R1,14,Note: Kate switched Racks 2 and 4,3DMM1508A S/N 008
3D0877A,P5_G3,P5,43,2/12/21,Node 2,Field Control,Air Sample,NOD2-F2,27,,3DMM1505A S/N 005
3D1481A,P5_G4,P5,46,2/15/21,JPM,1,JPM1O1,JPM1O1-L2,3,,3DMM1508A S/N 008
3D0259A,P5_G5,P5,43,2/12/21,Node 2,6,NOD2P2 (Hatch to JPM),NOD2P2-L4,70,,3DMM1505A S/N 005
3D0866A,P5_G6,P5,43,2/12/21,Node 2,3,NOD2D4,NOD2D4-L3,31,,3DMM1505A S/N 005
swab.blank,P5_G7,P5,NA,NA,swab.blank,swab.blank,swab.blank,NA,NA,NA,NA
solvent.blank,P5_G8,P5,NA,NA,solvent.blank,solvent.blank,solvent.blank,NA,NA,NA,NA
3D1279A,P5_G9,P5,39,2/8/21,Node 1,3,NOD1D4,NOD1D4-L5,49,,3DMM1502A S/N 002
3D0954A,P5_G10,P5,43,2/12/21,Node 2,7,NOD2D2 (Stowage Bag Area),NOD2D2-R5,91,,3DMM1506A S/N 006
3D0904A,P5_G11,P5,50,2/19/21,Node 3,2,NOD3F5 (T2),NOD3F5-R1,33,32 marked,3DMM1511A S/N 011
3D0315A,P5_G12,P5,47,2/16/21,PMM,2,PMM1P1,PMM1P1-L1,19,,3DMM1509A S/N 009
3D0880A,P5_H1,P5,43,2/12/21,Node 2,5,NOD2O2 (Hatch to PMA-3),NOD2O2-L2,56,,3DMM1505A S/N 005
3D0582A,P5_H2,P5,40,2/9/21,US Lab,23,LAB1S1,LAB1D1-L2,97,,3DMM1503A S/N 003
3D0986A,P5_H3,P5,50,2/19/21,Node 3,1,NOD3O2 (ARED) / NOD3A2 (ARED BAR PLATFORM OVER BEAM HATCH PORTAL),NOD3A2-R6,20,Note: ARED Bar Platform taken as part NOD3A2,3DMM1511A S/N 011
3D1394A,P5_H4,P5,50,2/19/21,Node 3,4,NOD3D5,NOD3D5-L6,49,,3DMM1512A S/N 012
3D0900A,P5_H5,P5,43,2/12/21,Node 2,1,NOD2O4,NOD2O4-L2,2,,3DMM1505A S/N 005
3D0920A,P5_H6,P5,50,2/19/21,Node 3,1,NOD3O2 (ARED) / NOD3A2 (ARED BAR PLATFORM OVER BEAM HATCH PORTAL),NOD3O2-L8,8,,3DMM1512A S/N 012
swab.blank,P5_H7,P5,NA,NA,swab.blank,swab.blank,swab.blank,NA,NA,NA,NA
solvent.blank,P5_H8,P5,NA,NA,solvent.blank,solvent.blank,solvent.blank,NA,NA,NA,NA
3D0919A,P5_H9,P5,50,2/19/21,Node 3,2,NOD3F5 (T2),NOD3F5-L2,25,,3DMM1511A S/N 011
3D0896A,P5_H10,P5,43,2/12/21,Node 2,5,NOD2O2 (Hatch to PMA-3),NOD2O2-L6,60,,3DMM1505A S/N 005
3D0256A,P5_H11,P5,43,2/12/21,Node 2,8,NOD2S2 (Hatch to COL),NOD2S2-R3,101,,3DMM1506A S/N 006
3D1090A,P5_H12,P5,50,2/19/21,Node 3,11,NOD3D2 (Cupola / Hatch to Cupola),NOD3D2-L3,113,,3DMM1512A S/N 012
3D1425A,P6_A1,P6,46,2/15/21,JPM,7,JPM1D2,JPM1D2-L1,27,,3DMM1508A S/N 008
3D0983A,P6_A2,P6,50,2/19/21,Node 3,7,NOD3F4,NOD3F4-L3,53,,3DMM1511A S/N 011
3D0981A,P6_A3,P6,46,2/15/21,JPM,10,JPM1A3,JPM1A3-R2,42,,3DMM1508A S/N 008
3D0970A,P6_A4,P6,43,2/12/21,Node 2,8,NOD2S2 (Hatch to COL),NOD2S2-R4,102,,3DMM1506A S/N 006
3D0558A,P6_A5,P6,40,2/9/21,US Lab,20,LAB1S2,LAB1S2-L2,83,,3DMM1503A S/N 003
swab.blank,P6_A6,P6,NA,NA,swab.blank,swab.blank,swab.blank,NA,NA,NA,NA
solvent.blank,P6_A7,P6,NA,NA,solvent.blank,solvent.blank,solvent.blank,NA,NA,NA,NA
3D0251A,P6_A8,P6,43,2/12/21,Node 2,Negative Control,Unopened 3DMM Swab Tube,NOD2-N5,106,,3DMM1506A S/N 006
3D1324A,P6_A9,P6,50,2/19/21,Node 3,3,NOD3O5,NOD3O5-R5,40,,3DMM1512A S/N 012
3D0590A,P6_A10,P6,40,2/9/21,US Lab,21,LAB1O1,LAB1O1-R2,90,,3DMM1503A S/N 003
3D0950A,P6_A11,P6,50,2/19/21,Node 3,6,NOD3O4,NOD3O4-L4,43,,3DMM1511A S/N 011
3D0498A,P6_A12,P6,34,2/3/21,Columbus,10,COL1A3,COL1A3-L2,COL1A3-L2,,3DMM1501A S/N 001
3D0203A,P6_B1,P6,40,2/9/21,US Lab,17,LAB1O2,LAB1O2-L1,69,,3DMM1503A S/N 003
3D0307A,P6_B2,P6,46,2/15/21,JPM,19,JPM1D5,JPM1D5-R2,80,,3DMM1508A S/N 008
3D0443A,P6_B3,P6,34,2/3/21,Columbus,2,COL1A1,COL1A1-R1,COL1A1-R1,,3DMM1501A S/N 001
3D0913A,P6_B4,P6,50,2/19/21,Node 3,7,NOD3F4,NOD3F4-L4,54,,3DMM1511A S/N 011
3D1402A,P6_B5,P6,46,2/15/21,JPM,8,JPM1F2,JPM1F2-R1,32,,3DMM1508A S/N 008
swab.blank,P6_B6,P6,NA,NA,swab.blank,swab.blank,swab.blank,NA,NA,NA,NA
solvent.blank,P6_B7,P6,NA,NA,solvent.blank,solvent.blank,solvent.blank,NA,NA,NA,NA
3D1338A,P6_B8,P6,50,2/19/21,Node 3,10,NOD3F2 (Hatch to PMM),NOD3F2-L5,95,,3DMM1512A S/N 012
3D0982A,P6_B9,P6,43,2/12/21,Node 2,6,NOD2P2 (Hatch to JPM),NOD2P2-L1,67,,3DMM1505A S/N 005
3D0914A,P6_B10,P6,50,2/19/21,Node 3,1,NOD3O2 (ARED) / NOD3A2 (ARED BAR PLATFORM OVER BEAM HATCH PORTAL),NOD3O2-R9,23,,3DMM1512A S/N 012
3D1500A,P6_B11,P6,46,2/15/21,JLP,Negative Control,Unopened 3DMM Swab Tube,JLP1-N1,10,,3DMM1505A S/N 007
3D0551A,P6_B12,P6,39,2/8/21,Node 1,4,NOD1S4,NOD1S4-R4,78,,3DMM1502A S/N 002
3D0231A,P6_C1,P6,40,2/9/21,US Lab,15,LAB1D3,LAB1D3-R1,62,,3DMM1503A S/N 003
3D1299A,P6_C2,P6,39,2/8/21,Node 1,1,NOD1O4,NOD1O4-R4,16,,3DMM1502A S/N 002
3D1362A,P6_C3,P6,50,2/19/21,Node 3,3,NOD3O5,NOD3O5-L4,33,,3DMM1512A S/N 012
3D0438A,P6_C4,P6,47,2/16/21,Airlock,Negative Control,Unopened 3DMM Swab Tube,A/L1-N2,12,,3DMM15010A S/N 010
3D0527A,P6_C5,P6,40,2/9/21,Node 1,6,NOD1P2 (NODE 3 HATCH PORTAL),NOD1P2-L9,9,,3DMM1504A S/N 004
swab.blank,P6_C6,P6,NA,NA,swab.blank,swab.blank,swab.blank,NA,NA,NA,NA
solvent.blank,P6_C7,P6,NA,NA,solvent.blank,solvent.blank,solvent.blank,NA,NA,NA,NA
3D0869A,P6_C8,P6,43,2/12/21,Node 2,4,NOD2S4,NOD2S4-R5,51,,3DMM1505A S/N 005
3D0935A,P6_C9,P6,50,2/19/21,Node 3,8,NOD3D4,NOD3D4-L1,65,,3DMM1511A S/N 011
3D0493A,P6_C10,P6,34,2/3/21,Columbus,7,COL1D2,COL1D2-L2,COL1D2-L2,,3DMM1501A S/N 001
3D1473A,P6_C11,P6,46,2/15/21,JLP,4,JLP1S1, JLP1S1-R1 ,35,,3DMM1505A S/N 007
3D1315A,P6_C12,P6,43,2/12/21,Node 2,7,NOD2D2 (Stowage Bag Area),NOD2D2-L6,86,,3DMM1506A S/N 006
3D0491A,P6_D1,P6,34,2/3/21,Columbus,12,COL1F3,COL1F3-L2,COL1F3-L2,,3DMM1501A S/N 001
3D0210A,P6_D2,P6,40,2/9/21,US Lab,10,LAB1P4,LAB1P4-L2,41,,3DMM1503A S/N 003
3D0514A,P6_D3,P6,40,2/9/21,Node 1,6,NOD1P2 (NODE 3 HATCH PORTAL),NOD1P2-R7,17,,3DMM1504A S/N 004
3D0466A,P6_D4,P6,34,2/3/21,Columbus,4,COL1F1,COL1F1-L1,COL1F1-L1,,3DMM1501A S/N 001
3D0587A,P6_D5,P6,40,2/9/21,Node 1,6,NOD1P2 (NODE 3 HATCH PORTAL),NOD1P2-L6,6,,3DMM1504A S/N 004
swab.blank,P6_D6,P6,NA,NA,swab.blank,swab.blank,swab.blank,NA,NA,NA,NA
solvent.blank,P6_D7,P6,NA,NA,solvent.blank,solvent.blank,solvent.blank,NA,NA,NA,NA
3D0585A,P6_D8,P6,40,2/9/21,US Lab,23,LAB1S1,LAB1D1-R2,98,,3DMM1503A S/N 003
3D0963A,P6_D9,P6,43,2/12/21,Node 2,8,NOD2S2 (Hatch to COL),NOD2S2-L4,96,,3DMM1506A S/N 006
3D0248A,P6_D10,P6,40,2/9/21,US Lab,13,LAB1O3,LAB1O3-R1,54,,3DMM1503A S/N 003
3D1380A,P6_D11,P6,50,2/19/21,Node 3,11,NOD3D2 (Cupola / Hatch to Cupola),NOD3D2-R4,118,,3DMM1512A S/N 012
3D0360A,P6_D12,P6,47,2/16/21,PMM,1,PMM1O1,PMM1O1-R6,14,,3DMM1509A S/N 009
3D0809A,P6_E1,P6,43,2/12/21,Node 2,Negative Control,Unopened 3DMM Swab Tube,NOD2-N1,4,,3DMM1505A S/N 005
3D1290A,P6_E2,P6,39,2/8/21,Node 1,3,NOD1D4,NOD1D4-R6,60,,3DMM1502A S/N 002
3D0989A,P6_E3,P6,50,2/19/21,Node 3,7,NOD3F4,NOD3F4-R1,57,,3DMM1511A S/N 011
3D1471A,P6_E4,P6,46,2/15/21,JLP,2,JLP1P1, JLP1P1-R3,17,,3DMM1505A S/N 007
3D1370A,P6_E5,P6,50,2/19/21,Node 3,3,NOD3O5,NOD3O5-L1,30,,3DMM1512A S/N 012
swab.blank,P6_E6,P6,NA,NA,swab.blank,swab.blank,swab.blank,NA,NA,NA,NA
solvent.blank,P6_E7,P6,NA,NA,solvent.blank,solvent.blank,solvent.blank,NA,NA,NA,NA
3D1211A,P6_E8,P6,47,2/16/21,PMM,3,PMM1D1,PMM1D1-L8,44,,3DMM1509A S/N 009
3D1354A,P6_E9,P6,50,2/19/21,Node 3,10,NOD3F2 (Hatch to PMM),NOD3F2-L1,91,,3DMM1512A S/N 012
3D1331A,P6_E10,P6,50,2/19/21,Node 3,10,NOD3F2 (Hatch to PMM),NOD3F2-R2,99,,3DMM1512A S/N 012
3D1452A,P6_E11,P6,46,2/15/21,JLP,3,JLP1F1, JLP1F1-R3 ,27,,3DMM1505A S/N 007
3D0478A,P6_E12,P6,34,2/3/21,Columbus,11,COL1D3,COL1D3-L2,COL1D3-L2,,3DMM1501A S/N 001
3D1316A,P6_F1,P6,46,2/15/21,JPM,10,JPM1A3,JPM1A3-L1,39,,3DMM1508A S/N 008
3D1444A,P6_F2,P6,46,2/15/21,JPM,8,JPM1F2,JPM1F2-L2,33,,3DMM1508A S/N 008
3D0885A,P6_F3,P6,43,2/12/21,Node 2,5,NOD2O2 (Hatch to PMA-3),NOD2O2-L1,55,,3DMM1505A S/N 005
3D0887A,P6_F4,P6,43,2/12/21,Node 2,2,NOD2P4,NOD2P4-R4,24,,3DMM1505A S/N 005
3D1493A,P6_F5,P6,46,2/15/21,JPM,1,JPM1O1,JPM1O1-R2,4,,3DMM1508A S/N 008
swab.blank,P6_F6,P6,NA,NA,swab.blank,swab.blank,swab.blank,NA,NA,NA,NA
solvent.blank,P6_F7,P6,NA,NA,solvent.blank,solvent.blank,solvent.blank,NA,NA,NA,NA
3D0429A,P6_F8,P6,34,2/3/21,Columbus,3,COL1D1,COL1D1-R2,COL1D1-R2,,3DMM1501A S/N 001
3D0352A,P6_F9,P6,46,2/15/21,JPM,Field Control,Air Sample,JPM1-F3,85,,3DMM1508A S/N 008
3D0553A,P6_F10,P6,39,2/8/21,Node 1,Negative Control,Unopened 3DMM Swab Tube,NOD1-N3,86,,3DMM1502A S/N 002
3D0899A,P6_F11,P6,43,2/12/21,Node 2,1,NOD2O4,NOD2O4-R4,12,,3DMM1505A S/N 005
3D0506A,P6_F12,P6,40,2/9/21,Node 1,8,NOD1S2 (AIRLOCK HATCH PORTAL),NOD1S2-L8,30,,3DMM1504A S/N 004
3D0472A,P6_G1,P6,34,2/3/21,Columbus,Negative Control,Unopened 3DMM Swab Tube,COL1-N2,COL1-N2,,3DMM1501A S/N 001
3D1245A,P6_G2,P6,39,2/8/21,Node 1,3,NOD1D4,NOD1D4-R3,57,,3DMM1502A S/N 002
3D0386A,P6_G3,P6,46,2/15/21,JPM,23,JPM1D6,JPM1D6-L2,96,,3DMM1508A S/N 008
3D0399A,P6_G4,P6,46,2/15/21,JPM,16,JPM1F4,JPM1F4-R2,68,,3DMM1508A S/N 008
3D1287A,P6_G5,P6,39,2/8/21,Node 1,2,NOD1P4,NOD1P4-R8,40,,3DMM1502A S/N 002
swab.blank,P6_G6,P6,NA,NA,swab.blank,swab.blank,swab.blank,NA,NA,NA,NA
solvent.blank,P6_G7,P6,NA,NA,solvent.blank,solvent.blank,solvent.blank,NA,NA,NA,NA
3D1285A,P6_G8,P6,39,2/8/21,Node 1,1,NOD1O4,NOD1O4-R8,20,,3DMM1502A S/N 002
3D0318A,P6_G9,P6,46,2/15/21,JPM,21,JPM1O6,JPM1O6-R1,87,"Note: JPM1O6 is a Rack, not a Hatch portal to JLP as indicated in the Sampling Plan",3DMM1508A S/N 008
3D1334A,P6_G10,P6,50,2/19/21,Node 3,10,NOD3F2 (Hatch to PMM),NOD3F2-L2,92,,3DMM1512A S/N 012
3D1235A,P6_G11,P6,50,2/19/21,Node 3,1,NOD3O2 (ARED) / NOD3A2 (ARED BAR PLATFORM OVER BEAM HATCH PORTAL),NOD3A2-R1,15,Note: ARED Bar Platform taken as part NOD3A2,3DMM1511A S/N 011
3D0948A,P6_G12,P6,50,2/19/21,Node 3,1,NOD3O2 (ARED) / NOD3A2 (ARED BAR PLATFORM OVER BEAM HATCH PORTAL),NOD3O2-L10,10,,3DMM1512A S/N 012
3D0487A,P6_H1,P6,34,2/3/21,Columbus,13,COL1O4,COL1O4-L2,COL1O4-L2,,3DMM1501A S/N 001
3D0266A,P6_H2,P6,46,2/15/21,JPM,9,JPM1O3,JPM1O3-R2,38,,3DMM1508A S/N 008
3D1336A,P6_H3,P6,50,2/19/21,Node 3,5,NOD3A5,NOD3A5-R1,62,,3DMM1512A S/N 012
3D0408A,P6_H4,P6,50,2/19/21,Node 3,1,NOD3O2 (ARED) / NOD3A2 (ARED BAR PLATFORM OVER BEAM HATCH PORTAL),NOD3A2-L1,1,Note: ARED Bar Platform taken as part NOD3A2,3DMM1511A S/N 011
3D1207A,P6_H5,P6,39,2/8/21,Node 1,1,NOD1O4,NOD1O4-L1,3,,3DMM1502A S/N 002
swab.blank,P6_H6,P6,NA,NA,swab.blank,swab.blank,swab.blank,NA,NA,NA,NA
solvent.blank,P6_H7,P6,NA,NA,solvent.blank,solvent.blank,solvent.blank,NA,NA,NA,NA
3D1387A,P6_H8,P6,50,2/19/21,Node 3,4,NOD3D5,NOD3D5-L1,44,,3DMM1512A S/N 012
3D1319A,P6_H9,P6,43,2/12/21,Node 2,6,NOD2P2 (Hatch to JPM),NOD2P2-R1,73,,3DMM1505A S/N 005
3D1293A,P6_H10,P6,39,2/8/21,Node 1,1,NOD1O4,NOD1O4-R3,15,Note: 1 tube broke here (discarded),3DMM1502A S/N 002
3D1480A,P6_H11,P6,46,2/15/21,JLP,4,JLP1S1,JLP1S1-L4,34,,3DMM1505A S/N 007
3D0893A,P6_H12,P6,43,2/12/21,Node 2,4,NOD2S4,NOD2S4-R3,49,,3DMM1505A S/N 005
3D1217A,P7_A1,P7,47,2/16/21,Airlock,4,A/L1F1,A/L1F1-R2,22,,3DMM15010A S/N 010
3D1450A,P7_A2,P7,46,2/15/21,JLP,2,JLP1P1,JLP1P1-R1 ,15,,3DMM1505A S/N 007
3D0902A,P7_A3,P7,50,2/19/21,Node 3,7,NOD3F4,NOD3F4-R4,60,,3DMM1511A S/N 011
3D0847A,P7_A4,P7,43,2/12/21,Node 2,Field Control,Air Sample,NOD2-F3,53,,3DMM1505A S/N 005
swab.blank,P7_A5,P7,NA,NA,swab.blank,swab.blank,swab.blank,NA,NA,NA,NA
solvent.blank,P7_A6,P7,NA,NA,solvent.blank,solvent.blank,solvent.blank,NA,NA,NA,NA
3D0451A,P7_A7,P7,34,2/3/21,Columbus,9,COL1O3,COL1O3-L2,COL1O3-L2,,3DMM1501A S/N 001
3D0353A,P7_A8,P7,46,2/15/21,JPM,22,JPM1A6,JPM1A6-L1,90.1,,3DMM1508A S/N 008
3D0987A,P7_A9,P7,43,2/12/21,Node 2,6,NOD2P2 (Hatch to JPM),NOD2P2-R4,76,,3DMM1505A S/N 005
3D1321A,P7_A10,P7,46,2/15/21,JPM,11,JPM1D3,JPM1D3-R2,46,,3DMM1508A S/N 008
3D1353A,P7_A11,P7,50,2/19/21,Node 3,3,NOD3O5,NOD3O5-L5,34,,3DMM1512A S/N 012
3D1462A,P7_A12,P7,46,2/15/21,JLP,4,JLP1S1, JLP1S1-R4,38,,3DMM1505A S/N 007
3D0890A,P7_B1,P7,43,2/12/21,Node 2,4,NOD2S4,NOD2S4-L5,45,,3DMM1505A S/N 005
3D0296A,P7_B2,P7,40,2/9/21,US Lab,8,LAB1S5,LAB1S5-R1,32,,3DMM1503A S/N 003
3D0958A,P7_B3,P7,50,2/19/21,Node 3,Negative Control,Unopened 3DMM Swab Tube,NOD3-N4,64,,3DMM1511A S/N 011
3D1361A,P7_B4,P7,50,2/19/21,Node 3,4,NOD3D5,NOD3D5-L2,45,,3DMM1512A S/N 012
swab.blank,P7_B5,P7,NA,NA,swab.blank,swab.blank,swab.blank,NA,NA,NA,NA
solvent.blank,P7_B6,P7,NA,NA,solvent.blank,solvent.blank,solvent.blank,NA,NA,NA,NA
3D1241A,P7_B7,P7,39,2/8/21,Node 1,1,NOD1O4,NOD1O4-R6,18,,3DMM1502A S/N 002
3D1464A,P7_B8,P7,46,2/15/21,JLP,3,JLP1F1, JLP1F1-L3 ,23,,3DMM1505A S/N 007
3D0993A,P7_B9,P7,50,2/19/21,Node 3,7,NOD3F4,NOD3F4-R5,61,,3DMM1511A S/N 011
3D0452A,P7_B10,P7,34,2/3/21,Columbus,6,COL1A2,COL1A2-L1,COL1A2-L1,,3DMM1501A S/N 001
3D0839A,P7_B11,P7,40,2/9/21,Node 1,8,NOD1S2 (AIRLOCK HATCH PORTAL),NOD1S2-R3,35,,3DMM1504A S/N 004
3D1027A,P7_B12,P7,50,2/19/21,Node 3,1,NOD3O2 (ARED) / NOD3A2 (ARED BAR PLATFORM OVER BEAM HATCH PORTAL),NOD3A2-L5,5,Note: ARED Bar Platform taken as part NOD3A2,3DMM1511A S/N 011
3D1277A,P7_C1,P7,39,2/8/21,Node 1,4,NOD1S4,NOD1S4-L8,72,,3DMM1502A S/N 002
3D0485A,P7_C2,P7,34,2/3/21,Columbus,16,COL1F4,COL1F4-R1,COL1F4-R1,,3DMM1501A S/N 001
3D1023A,P7_C3,P7,47,2/16/21,PMM,4,PMM1S1,PMM1S1-R4,66,,3DMM1509A S/N 009
3D0560A,P7_C4,P7,40,2/9/21,US Lab,24,LAB1S1,LAB1S1-L1,99,,3DMM1503A S/N 003
swab.blank,P7_C5,P7,NA,NA,swab.blank,swab.blank,swab.blank,NA,NA,NA,NA
solvent.blank,P7_C6,P7,NA,NA,solvent.blank,solvent.blank,solvent.blank,NA,NA,NA,NA
3D0857A,P7_C7,P7,43,2/12/21,Node 2,4,NOD2S4,NOD2S4-L4,44,,3DMM1505A S/N 005
3D1080A,P7_C8,P7,50,2/19/21,Node 3,11,NOD3D2 (Cupola / Hatch to Cupola),NOD3D2-L2,112,,3DMM1512A S/N 012
3D0298A,P7_C9,P7,40,2/9/21,US Lab,3,LAB1D6,LAB1D6-L2 ,11,,3DMM1503A S/N 003
3D1393A,P7_C10,P7,50,2/19/21,Node 3,9,NOD3A4,NOD3A4-R6,88,,3DMM1512A S/N 012
3D0499A,P7_C11,P7,34,2/3/21,Columbus,3,COL1D1,COL1D1-R1,COL1D1-R1,,3DMM1501A S/N 001
3D0838A,P7_C12,P7,43,2/12/21,Node 2,2,NOD2P4,NOD2P4-L6,20,,3DMM1505A S/N 005
3D1429A,P7_D1,P7,46,2/15/21,JLP,4,JLP1S1, JLP1S1-L3 ,33,,3DMM1505A S/N 007
3D0467A,P7_D2,P7,34,2/3/21,Columbus,5,COL1O2,COL1O2-L1,COL1O2-L1,,3DMM1501A S/N 001
3D0967A,P7_D3,P7,43,2/12/21,Node 2,5,NOD2O2 (Hatch to PMA-3),NOD2O2-R6,66,,3DMM1505A S/N 005
3D0939A,P7_D4,P7,50,2/19/21,Node 3,2,NOD3F5 (T2),NOD3F5-R2,34,,3DMM1511A S/N 011
swab.blank,P7_D5,P7,NA,NA,swab.blank,swab.blank,swab.blank,NA,NA,NA,NA
solvent.blank,P7_D6,P7,NA,NA,solvent.blank,solvent.blank,solvent.blank,NA,NA,NA,NA
3D0851A,P7_D7,P7,43,2/12/21,Node 2,5,NOD2O2 (Hatch to PMA-3),NOD2O2-L4,58,,3DMM1505A S/N 005
3D0431A,P7_D8,P7,47,2/16/21,PMM,4,PMM1S1,PMM1S1-L4,58,,3DMM1509A S/N 009
3D1242A,P7_D9,P7,47,2/16/21,Airlock,1,A/L1O1,A/L1O1-R1,2,,3DMM15010A S/N 010
3D1029A,P7_D10,P7,47,2/16/21,PMM,4,PMM1S1,PMM1S1-L6,60,,3DMM1509A S/N 009
3D1479A,P7_D11,P7,46,2/15/21,JLP,Field Control,Air Sample,JLP1-F2,19,,3DMM1505A S/N 007
3D0247A,P7_D12,P7,40,2/9/21,US Lab,Negative Control,Unopened 3DMM Swab Tube,LAB1-N1,18,,3DMM1503A S/N 003
3D0505A,P7_E1,P7,39,2/8/21,Node 1,4,NOD1S4,NOD1S4-R6,80,,3DMM1502A S/N 002
3D0475A,P7_E2,P7,34,2/3/21,Columbus,15,COL1D4,COL1D4-L2,COL1D4-L2,,3DMM1501A S/N 001
3D1274A,P7_E3,P7,39,2/8/21,Node 1,1,NOD1O4,NOD1O4-R2,14,,3DMM1502A S/N 002
3D0571A,P7_E4,P7,40,2/9/21,US Lab,21,LAB1O1,LAB1O1-L1,87,,3DMM1503A S/N 003
swab.blank,P7_E5,P7,NA,NA,swab.blank,swab.blank,swab.blank,NA,NA,NA,NA
solvent.blank,P7_E6,P7,NA,NA,solvent.blank,solvent.blank,solvent.blank,NA,NA,NA,NA
3D1033A,P7_E7,P7,47,2/16/21,PMM,4,PMM1S1,PMM1S1-L1,55,,3DMM1509A S/N 009
3D0513A,P7_E8,P7,40,2/9/21,Node 1,6,NOD1P2 (NODE 3 HATCH PORTAL),NOD1P2-R10,20,,3DMM1504A S/N 004
3D0860A,P7_E9,P7,43,2/12/21,Node 2,3,NOD2D4,NOD2D4-L6,34,,3DMM1505A S/N 005
3D0383A,P7_E10,P7,46,2/15/21,JPM,21,JPM1O6,JPM1O6-L1,86,"Note: JPM1O6 is a Rack, not a Hatch portal to JLP as indicated in the Sampling Plan",3DMM1508A S/N 008
3D0878A,P7_E11,P7,43,2/12/21,Node 2,1,NOD2O4,NOD2O4-R1,9,,3DMM1505A S/N 005
3D0381A,P7_E12,P7,46,2/15/21,JPM,17,JPM1O5,JPM1O5-L1,69,,3DMM1508A S/N 008
3D0874A,P7_F1,P7,43,2/12/21,Node 2,Negative Control,Unopened 3DMM Swab Tube,NOD2-N2,28,,3DMM1505A S/N 005
3D0238A,P7_F2,P7,40,2/9/21,US Lab,6,LAB1P5,LAB1P5-R1,24,,3DMM1503A S/N 003
3D1435A,P7_F3,P7,46,2/15/21,JPM,4,JPM1F1,JPM1F1-R2,8,Note: Kate switched Racks 2 and 4,3DMM1508A S/N 008
3D0477A,P7_F4,P7,40,2/9/21,US Lab,1,LAB1O6,LAB1O6-L2,3,,3DMM1503A S/N 003
swab.blank,P7_F5,P7,NA,NA,swab.blank,swab.blank,swab.blank,NA,NA,NA,NA
solvent.blank,P7_F6,P7,NA,NA,solvent.blank,solvent.blank,solvent.blank,NA,NA,NA,NA
3D0396A,P7_F7,P7,46,2/15/21,JPM,15,JPM1D4,JPM1D4-L2,63,,3DMM1508A S/N 008
3D0347A,P7_F8,P7,47,2/16/21,PMM,2,PMM1P1,PMM1P1-L5,23,,3DMM1509A S/N 009
3D0283A,P7_F9,P7,46,2/15/21,JPM,10,JPM1A3,JPM1A3-R1,40,,3DMM1508A S/N 008
3D0273A,P7_F10,P7,40,2/9/21,US Lab,5,LAB1O5,LAB1O5-R1,20,,3DMM1503A S/N 003
3D0368A,P7_F11,P7,46,2/15/21,JPM,Negative Control,Unopened 3DMM Swab Tube,JPM1-N3,90,,3DMM1508A S/N 008
3D0903A,P7_F12,P7,50,2/19/21,Node 3,8,NOD3D4,NOD3D4-R3,73,,3DMM1511A S/N 011
3D0951A,P7_G1,P7,50,2/19/21,Node 3,1,NOD3O2 (ARED) / NOD3A2 (ARED BAR PLATFORM OVER BEAM HATCH PORTAL),NOD3A2-R7,21,Note: ARED Bar Platform taken as part NOD3A2,3DMM1511A S/N 011
3D0299A,P7_G2,P7,40,2/9/21,US Lab,8,LAB1S5,LAB1S5-L2,33,,3DMM1503A S/N 003
3D1382A,P7_G3,P7,43,2/12/21,Node 2,6,NOD2P2 (Hatch to JPM),NOD2P2-R5,77,,3DMM1505A S/N 005
3D1330A,P7_G4,P7,50,2/19/21,Node 3,11,NOD3D2 (Cupola / Hatch to Cupola),NOD3D2-C3,107,,3DMM1512A S/N 012
swab.blank,P7_G5,P7,NA,NA,swab.blank,swab.blank,swab.blank,NA,NA,NA,NA
solvent.blank,P7_G6,P7,NA,NA,solvent.blank,solvent.blank,solvent.blank,NA,NA,NA,NA
3D0949A,P7_G7,P7,50,2/19/21,Node 3,7,NOD3F4,NOD3F4-R6,62,,3DMM1511A S/N 011
3D1289A,P7_G8,P7,39,2/8/21,Node 1,3,NOD1D4,NOD1D4-L9,53,,3DMM1502A S/N 002
3D0271A,P7_G9,P7,40,2/9/21,US Lab,6,LAB1P5,LAB1P5-L2,25,,3DMM1503A S/N 003
3D1306A,P7_G10,P7,50,2/19/21,Node 3,3,NOD3O5,NOD3O5-R3,38,,3DMM1512A S/N 012
3D1487A,P7_G11,P7,46,2/15/21,JPM,5,JPM1O2,JPM1O2-L2,21,,3DMM1508A S/N 008
3D0892A,P7_G12,P7,43,2/12/21,Node 2,4,NOD2S4,NOD2S4-L3,43,,3DMM1505A S/N 005
3D1348A,P7_H1,P7,50,2/19/21,Node 3,4,NOD3D5,NOD3D5-R2,51,,3DMM1512A S/N 012
3D0910A,P7_H2,P7,50,2/19/21,Node 3,2,NOD3F5 (T2),NOD3F5-L7,32,,3DMM1511A S/N 011
3D1266A,P7_H3,P7,39,2/8/21,Node 1,2,NOD1P4,NOD1P4-L10,32,,3DMM1502A S/N 002
3D1069A,P7_H4,P7,50,2/19/21,Node 3,11,NOD3D2 (Cupola / Hatch to Cupola),NOD3D2-R2,116,,3DMM1512A S/N 012
swab.blank,P7_H5,P7,NA,NA,swab.blank,swab.blank,swab.blank,NA,NA,NA,NA
solvent.blank,P7_H6,P7,NA,NA,solvent.blank,solvent.blank,solvent.blank,NA,NA,NA,NA
3D1212A,P7_H7,P7,47,2/16/21,PMM,Negative Control,Unopened 3DMM Swab Tube,PMM1-N3,54,,3DMM1509A S/N 009
3D0422A,P7_H8,P7,34,2/3/21,Columbus,14,COL1A4,COL1A4-L2,COL1A4-L2,,3DMM1501A S/N 001
3D0810A,P7_H9,P7,43,2/12/21,Node 2,3,NOD2D4,NOD2D4-L2,30,,3DMM1505A S/N 005
3D0928A,P7_H10,P7,50,2/19/21,Node 3,2,NOD3F5 (T2),NOD3F5-R3,37,,3DMM1511A S/N 011
3D0448A,P7_H11,P7,34,2/3/21,Columbus,2,COL1A1,COL1A1-R2,COL1A1-R2,,3DMM1501A S/N 001
3D1281A,P7_H12,P7,39,2/8/21,Node 1,Field Control,Air Sample,NOD1-F2,43,,3DMM1502A S/N 002
3D0975A,P8_A1,P8,50,2/19/21,Node 3,1,NOD3O2 (ARED) / NOD3A2 (ARED BAR PLATFORM OVER BEAM HATCH PORTAL),NOD3O2-R12,26,,3DMM1512A S/N 012
3D0253A,P8_A2,P8,40,2/9/21,US Lab,18,LAB1P2,LAB1P2-R2,76,,3DMM1503A S/N 003
3D0206A,P8_A3,P8,40,2/9/21,US Lab,13,LAB1O3,LAB1O3-L1,53,,3DMM1503A S/N 003
swab.blank,P8_A4,P8,NA,NA,swab.blank,swab.blank,swab.blank,NA,NA,NA,NA
solvent.blank,P8_A5,P8,NA,NA,solvent.blank,solvent.blank,solvent.blank,NA,NA,NA,NA
3D1263A,P8_A6,P8,39,2/8/21,Node 1,2,NOD1P4,NOD1P4-R4,36,,3DMM1502A S/N 002
3D1497A,P8_A7,P8,46,2/15/21,JLP,4,JLP1S1,JLP1S1-L1,31,,3DMM1505A S/N 007
3D0212A,P8_A8,P8,40,2/9/21,US Lab,10,LAB1P4,LAB1P4-R2,42,,3DMM1503A S/N 003
3D0801A,P8_A9,P8,40,2/9/21,Node 1,8,NOD1S2 (AIRLOCK HATCH PORTAL),NOD1S2-R4,36,,3DMM1504A S/N 004
3D0285A,P8_A10,P8,43,2/12/21,Node 2,6,NOD2P2 (Hatch to JPM),NOD2P2-L6,72,,3DMM1505A S/N 005
3D1496A,P8_A11,P8,46,2/15/21,JLP,2,JLP1P1, JLP1P1-R4,18,,3DMM1505A S/N 007
3D1270A,P8_A12,P8,39,2/8/21,Node 1,3,NOD1D4,NOD1D4-R2,56,,3DMM1502A S/N 002
3D0849A,P8_B1,P8,43,2/12/21,Node 2,3,NOD2D4,NOD2D4-R6,40,,3DMM1505A S/N 005
3D0361A,P8_B2,P8,47,2/16/21,PMM,2,PMM1P1,PMM1P1-R2,28,,3DMM1509A S/N 009
3D0944A,P8_B3,P8,50,2/19/21,Node 3,7,NOD3F4,NOD3F4-R3,59,,3DMM1511A S/N 011
swab.blank,P8_B4,P8,NA,NA,swab.blank,swab.blank,swab.blank,NA,NA,NA,NA
solvent.blank,P8_B5,P8,NA,NA,solvent.blank,solvent.blank,solvent.blank,NA,NA,NA,NA
3D0959A,P8_B6,P8,50,2/19/21,Node 3,6,NOD3O4,NOD3O4-R1,51,Overhead towards Aft Note: 51 was repeated in error (NOD3F4-L1),3DMM1511A S/N 011
3D1239A,P8_B7,P8,39,2/8/21,Node 1,2,NOD1P4,NOD1P4-R5,37,,3DMM1502A S/N 002
3D0907A,P8_B8,P8,50,2/19/21,Node 3,8,NOD3D4,NOD3D4-R4,74,,3DMM1511A S/N 011
3D1484A,P8_B9,P8,46,2/15/21,JLP,Field Control,Air Sample,JLP1-F3,29,,3DMM1505A S/N 007
3D0384A,P8_B10,P8,46,2/15/21,JPM,19,JPM1D5,JPM1D5-L2,79,,3DMM1508A S/N 008
3D0934A,P8_B11,P8,50,2/19/21,Node 3,2,NOD3F5 (T2),NOD3F5-L5,28,,3DMM1511A S/N 011
3D0202A,P8_B12,P8,40,2/9/21,US Lab,11,LAB1D4,LAB1D4-L1,43,,3DMM1503A S/N 003
3D0225A,P8_C1,P8,40,2/9/21,US Lab,13,LAB1O3,LAB1O3-L2,55,,3DMM1503A S/N 003
3D0428A,P8_C2,P8,34,2/3/21,Columbus,12,COL1F3,COL1F3-R1,COL1F3-R1,,3DMM1501A S/N 001
3D0455A,P8_C3,P8,47,2/16/21,Airlock,Field Control,Air Sample,A/L1-F2,11,,3DMM15010A S/N 010
swab.blank,P8_C4,P8,NA,NA,swab.blank,swab.blank,swab.blank,NA,NA,NA,NA
solvent.blank,P8_C5,P8,NA,NA,solvent.blank,solvent.blank,solvent.blank,NA,NA,NA,NA
3D0483A,P8_C6,P8,34,2/3/21,Columbus,2,COL1A1,COL1A1-L1,COL1A1-L1,,3DMM1501A S/N 001
3D0830A,P8_C7,P8,40,2/9/21,Node 1,8,NOD1S2 (AIRLOCK HATCH PORTAL),NOD1S2-R5,37,,3DMM1504A S/N 004
3D1312A,P8_C8,P8,50,2/19/21,Node 3,Field Control,Air Sample,NOD3-F2,42,,3DMM1512A S/N 012
3D0554A,P8_C9,P8,40,2/9/21,Node 1,6,NOD1P2 (NODE 3 HATCH PORTAL),NOD1P2-R2,12,,3DMM1504A S/N 004
3D0873A,P8_C10,P8,43,2/12/21,Node 2,3,NOD2D4,NOD2D4-L4,32,,3DMM1505A S/N 005
3D1251A,P8_C11,P8,39,2/8/21,Node 1,1,NOD1O4,NOD1O4-R5,17,,3DMM1502A S/N 002
3D0486A,P8_C12,P8,34,2/3/21,Columbus,12,COL1F3,COL1F3-L1,COL1F3-L1,,3DMM1501A S/N 001
3D1339A,P8_D1,P8,50,2/19/21,Node 3,5,NOD3A5,NOD3A5-L4,59,,3DMM1512A S/N 012
3D0388A,P8_D2,P8,46,2/15/21,JPM,23,JPM1D6,JPM1D6-L1,94,,3DMM1508A S/N 008
3D1268A,P8_D3,P8,39,2/8/21,Node 1,3,NOD1D4,NOD1D4-L8,52,,3DMM1502A S/N 002
swab.blank,P8_D4,P8,NA,NA,swab.blank,swab.blank,swab.blank,NA,NA,NA,NA
solvent.blank,P8_D5,P8,NA,NA,solvent.blank,solvent.blank,solvent.blank,NA,NA,NA,NA
3D0289A,P8_D6,P8,40,2/9/21,US Lab,12,LAB1S4,LAB1S4-L1,47,,3DMM1503A S/N 003
3D0415A,P8_D7,P8,47,2/16/21,PMM,4,PMM1S1,PMM1S1-L5,59,,3DMM1509A S/N 009
3D0941A,P8_D8,P8,43,2/12/21,Node 2,5,NOD2O2 (Hatch to PMA-3),NOD2O2-R1,61,,3DMM1505A S/N 005
3D0311A,P8_D9,P8,46,2/15/21,JPM,20,JPM1F5,JPM1F5-L1,81,,3DMM1508A S/N 008
3D0476A,P8_D10,P8,34,2/3/21,Columbus,4,COL1F1,COL1F1-R2,COL1F1-R2,,3DMM1501A S/N 001
3D0489A,P8_D11,P8,34,2/3/21,Columbus,1,COL1O1,COL1O1-L2,COL1O1-L2,,3DMM1501A S/N 001
3D0546A,P8_D12,P8,39,2/8/21,Node 1,4,NOD1S4,NOD1S4-R2,76,,3DMM1502A S/N 002
3D1255A,P8_E1,P8,39,2/8/21,Node 1,1,NOD1O4,NOD1O4-L3,5,,3DMM1502A S/N 002
3D1365A,P8_E2,P8,50,2/19/21,Node 3,5,NOD3A5,NOD3A5-R3,64,,3DMM1512A S/N 012
3D1297A,P8_E3,P8,39,2/8/21,Node 1,1,NOD1O4,NOD1O4-L6,8,,3DMM1502A S/N 002
swab.blank,P8_E4,P8,NA,NA,swab.blank,swab.blank,swab.blank,NA,NA,NA,NA
solvent.blank,P8_E5,P8,NA,NA,solvent.blank,solvent.blank,solvent.blank,NA,NA,NA,NA
3D1247A,P8_E6,P8,39,2/8/21,Node 1,2,NOD1P4,NOD1P4-R10,42,,3DMM1502A S/N 002
3D0211A,P8_E7,P8,40,2/9/21,US Lab,7,LAB1D5,LAB1D5-L2,29,,3DMM1503A S/N 003
3D0573A,P8_E8,P8,40,2/9/21,US Lab,22,LAB1P1,LAB1P1-R2,94,,3DMM1503A S/N 003
3D0598A,P8_E9,P8,40,2/9/21,US Lab,19,LAB1D2,LAB1D2-R2,80,,3DMM1503A S/N 003
3D1202A,P8_E10,P8,47,2/16/21,Airlock,3,A/L1D1,A/L1D1-R1,14,,3DMM15010A S/N 010
3D1378A,P8_E11,P8,50,2/19/21,Node 3,Field Control,Air Sample,NOD3-F5,89,,3DMM1512A S/N 012
3D1386A,P8_E12,P8,50,2/19/21,Node 3,5,NOD3A5,NOD3A5-L5,60,,3DMM1512A S/N 012
3D0906A,P8_F1,P8,50,2/19/21,Node 3,2,NOD3F5 (T2),NOD3F5-R7,30,,3DMM1511A S/N 011
3D0589A,P8_F2,P8,40,2/9/21,Node 1,6,NOD1P2 (NODE 3 HATCH PORTAL),NOD1P2-L2,2,,3DMM1504A S/N 004
3D1092A,P8_F3,P8,50,2/19/21,Node 3,11,NOD3D2 (Cupola / Hatch to Cupola),NOD3D2-R3,117,,3DMM1512A S/N 012
swab.blank,P8_F4,P8,NA,NA,swab.blank,swab.blank,swab.blank,NA,NA,NA,NA
solvent.blank,P8_F5,P8,NA,NA,solvent.blank,solvent.blank,solvent.blank,NA,NA,NA,NA
3D0591A,P8_F6,P8,40,2/9/21,US Lab,19,LAB1D2,LAB1D2-L1,77,,3DMM1503A S/N 003
3D0942A,P8_F7,P8,50,2/19/21,Node 3,2,NOD3F5 (T2),NOD3F5-L3,26,,3DMM1511A S/N 011
3D0343A,P8_F8,P8,47,2/16/21,PMM,Field Control,Air Sample,PMM1-F1,17,,3DMM1509A S/N 009
3D0272A,P8_F9,P8,40,2/9/21,US Lab,Field Control,Air Sample,LAB1-F1,17,,3DMM1503A S/N 003
3D0439A,P8_F10,P8,47,2/16/21,Airlock,4,A/L1F1,A/L1F1-R1,20,,3DMM15010A S/N 010
3D1404A,P8_F11,P8,46,2/15/21,JLP,3,JLP1F1,JLP1F1-L1,21,,3DMM1505A S/N 007
3D0423A,P8_F12,P8,47,2/16/21,Airlock,2,A/L1A1,A/L1A1-L2,9,,3DMM15010A S/N 010
3D1310A,P8_G1,P8,50,2/19/21,Node 3,5,NOD3A5,NOD3A5-R6,67,,3DMM1512A S/N 012
3D0929A,P8_G2,P8,50,2/19/21,Node 3,Field Control,Air Sample,NOD3-F3,38,,3DMM1511A S/N 011
3D1373A,P8_G3,P8,50,2/19/21,Node 3,4,NOD3D5,NOD3D5-R4,53,,3DMM1512A S/N 012
swab.blank,P8_G4,P8,NA,NA,swab.blank,swab.blank,swab.blank,NA,NA,NA,NA
solvent.blank,P8_G5,P8,NA,NA,solvent.blank,solvent.blank,solvent.blank,NA,NA,NA,NA
3D0417A,P8_G6,P8,47,2/16/21,PMM,Field Control,Air Sample,PMM1-F2,35,,3DMM1509A S/N 009
3D0922A,P8_G7,P8,50,2/19/21,Node 3,1,NOD3O2 (ARED) / NOD3A2 (ARED BAR PLATFORM OVER BEAM HATCH PORTAL),NOD3O2-L9,9,,3DMM1512A S/N 012
3D0398A,P8_G8,P8,47,2/16/21,PMM,2,PMM1P1,PMM1P1-R3,29,,3DMM1509A S/N 009
3D1375A,P8_G9,P8,50,2/19/21,Node 3,Negative Control,Unopened 3DMM Swab Tube,NOD3-N5,90,,3DMM1512A S/N 012
3D1308A,P8_G10,P8,50,2/19/21,Node 3,10,NOD3F2 (Hatch to PMM),NOD3F2-L7,97,,3DMM1512A S/N 012
3D0855A,P8_G11,P8,43,2/12/21,Node 2,4,NOD2S4,NOD2S4-R6,52,,3DMM1505A S/N 005
3D0556A,P8_G12,P8,40,2/9/21,Node 1,6,NOD1P2 (NODE 3 HATCH PORTAL),NOD1P2-R8,18,,3DMM1504A S/N 004
3D1391A,P8_H1,P8,50,2/19/21,Node 3,4,NOD3D5,NOD3D5-L4,47,,3DMM1512A S/N 012
3D1265A,P8_H2,P8,39,2/8/21,Node 1,3,NOD1D4,NOD1D4-L1,45,,3DMM1502A S/N 002
3D0001A,P8_H3,P8,50,2/19/21,Node 3,11,NOD3D2 (Cupola / Hatch to Cupola),NOD3D2-C1,105,,3DMM1512A S/N 012
swab.blank,P8_H4,P8,NA,NA,swab.blank,swab.blank,swab.blank,NA,NA,NA,NA
solvent.blank,P8_H5,P8,NA,NA,solvent.blank,solvent.blank,solvent.blank,NA,NA,NA,NA
3D0288A,P8_H6,P8,40,2/9/21,US Lab,5,LAB1O5,LAB1O5-L1,19,,3DMM1503A S/N 003
3D1436A,P8_H7,P8,46,2/15/21,JLP,2,JLP1P1,JLP1P1-R2,16,,3DMM1505A S/N 007
3D0985A,P8_H8,P8,43,2/12/21,Node 2,8,NOD2S2 (Hatch to COL),NOD2S2-R5,103,,3DMM1506A S/N 006
3D1344A,P8_H9,P8,50,2/19/21,Node 3,9,NOD3A4,NOD3A4-R2,84,,3DMM1512A S/N 012
3D0932A,P8_H10,P8,50,2/19/21,Node 3,7,NOD3F4,NOD3F4-L2,52,,3DMM1511A S/N 011
3D1008A,P8_H11,P8,47,2/16/21,Airlock,4,A/L1F1,A/L1F1-L2,21,,3DMM15010A S/N 010
3D1030A,P8_H12,P8,47,2/16/21,PMM,3,PMM1D1,PMM1D1-L2,38,,3DMM1509A S/N 009
3D1491A,P9_A1,P9,46,2/15/21,JLP,1,JLP1A1,JLP1A1-R2,6,,3DMM1505A S/N 007
3D0871A,P9_A2,P9,43,2/12/21,Node 2,5,NOD2O2 (Hatch to PMA-3),NOD2O2-L5,59,,3DMM1505A S/N 005
swab.blank,P9_A3,P9,NA,NA,swab.blank,swab.blank,swab.blank,NA,NA,NA,NA
solvent.blank,P9_A4,P9,NA,NA,solvent.blank,solvent.blank,solvent.blank,NA,NA,NA,NA
3D1449A,P9_A5,P9,46,2/15/21,JPM,8,JPM1F2,JPM1F2-R2,34,,3DMM1508A S/N 008
3D0264A,P9_A6,P9,40,2/9/21,US Lab,14,LAB1P3,LAB1P3-L1,57,,3DMM1503A S/N 003
3D1395A,P9_A7,P9,50,2/19/21,Node 3,4,NOD3D5,NOD3D5-L5,48,,3DMM1512A S/N 012
3D0305A,P9_A8,P9,47,2/16/21,PMM,1,PMM1O1,PMM1O1-L1,1,,3DMM1509A S/N 009
3D0226A,P9_A9,P9,40,2/9/21,US Lab,4,LAB1S6,LAB1S6-L2 ,15,,3DMM1503A S/N 003
3D0292A,P9_A10,P9,40,2/9/21,US Lab,5,LAB1O5,LAB1O5-R2,22,,3DMM1503A S/N 003
3D1368A,P9_A11,P9,50,2/19/21,Node 3,4,NOD3D5,NOD3D5-L3,46,,3DMM1512A S/N 012
3D1011A,P9_A12,P9,47,2/16/21,PMM,4,PMM1S1,PMM1S1-R1,63,,3DMM1509A S/N 009
3D0276A,P9_B1,P9,40,2/9/21,US Lab,18,LAB1P2,LAB1P2-R1,74,,3DMM1503A S/N 003
3D0366A,P9_B2,P9,46,2/15/21,JPM,24,JPM1F6,JPM1F6-R2,101,,3DMM1508A S/N 008
swab.blank,P9_B3,P9,NA,NA,swab.blank,swab.blank,swab.blank,NA,NA,NA,NA
solvent.blank,P9_B4,P9,NA,NA,solvent.blank,solvent.blank,solvent.blank,NA,NA,NA,NA
3D0348A,P9_B5,P9,47,2/16/21,PMM,1,PMM1O1,PMM1O1-L4,4,,3DMM1509A S/N 009
3D0844A,P9_B6,P9,43,2/12/21,Node 2,3,NOD2D4,NOD2D4-R3,37,,3DMM1505A S/N 005
3D0425A,P9_B7,P9,47,2/16/21,PMM,3,PMM1D1,PMM1D1-L5,41,,3DMM1509A S/N 009
3D1061A,P9_B8,P9,50,2/19/21,Node 3,11,NOD3D2 (Cupola / Hatch to Cupola),NOD3D2-L4,114,,3DMM1512A S/N 012
3D0488A,P9_B9,P9,40,2/9/21,US Lab,1,LAB1O6,LAB1O6-R1 ,2,,3DMM1503A S/N 003
3D1072A,P9_B10,P9,47,2/16/21,PMM,4,PMM1S1,PMM1S1-L8,62,,3DMM1509A S/N 009
3D0496A,P9_B11,P9,34,2/3/21,Columbus,6,COL1A2,COL1A2-L2,COL1A2-L2,,3DMM1501A S/N 001
3D0356A,P9_B12,P9,47,2/16/21,PMM,Negative Control,Unopened 3DMM Swab Tube,PMM1-N1,18,,3DMM1509A S/N 009
3D0214A,P9_C1,P9,40,2/9/21,US Lab,6,LAB1P5,LAB1P5-L1,23,,3DMM1503A S/N 003
3D1317A,P9_C2,P9,50,2/19/21,Node 3,11,NOD3D2 (Cupola / Hatch to Cupola),NOD3D2-L1,111,,3DMM1512A S/N 012
swab.blank,P9_C3,P9,NA,NA,swab.blank,swab.blank,swab.blank,NA,NA,NA,NA
solvent.blank,P9_C4,P9,NA,NA,solvent.blank,solvent.blank,solvent.blank,NA,NA,NA,NA
3D1352A,P9_C5,P9,50,2/19/21,Node 3,10,NOD3F2 (Hatch to PMM),NOD3F2-R7,104,,3DMM1512A S/N 012
3D0992A,P9_C6,P9,50,2/19/21,Node 3,6,NOD3O4,NOD3O4-R6,50,,3DMM1511A S/N 011
3D1233A,P9_C7,P9,39,2/8/21,Node 1,3,NOD1D4,NOD1D4-R1,55,,3DMM1502A S/N 002
3D0819A,P9_C8,P9,43,2/12/21,Node 2,3,NOD2D4,NOD2D4-R1,35,,3DMM1505A S/N 005
3D0548A,P9_C9,P9,40,2/9/21,US Lab,Field Control,Air Sample,LAB1-F3,85,,3DMM1503A S/N 003
3D0449A,P9_C10,P9,34,2/3/21,Columbus,8,COL1F2,COL1F2-R2,COL1F2-R2,,3DMM1501A S/N 001
3D0370A,P9_C11,P9,47,2/16/21,PMM,2,PMM1P1,PMM1P1-R1,27,,3DMM1509A S/N 009
3D0822A,P9_C12,P9,40,2/9/21,Node 1,8,NOD1S2 (AIRLOCK HATCH PORTAL),NOD1S2-R1,33,,3DMM1504A S/N 004
3D1264A,P9_D1,P9,39,2/8/21,Node 1,1,NOD1O4,NOD1O4-R9,21,,3DMM1502A S/N 002
3D0327A,P9_D2,P9,47,2/16/21,PMM,2,PMM1P1,PMM1P1-R4,30,,3DMM1509A S/N 009
swab.blank,P9_D3,P9,NA,NA,swab.blank,swab.blank,swab.blank,NA,NA,NA,NA
solvent.blank,P9_D4,P9,NA,NA,solvent.blank,solvent.blank,solvent.blank,NA,NA,NA,NA
3D0224A,P9_D5,P9,40,2/9/21,US Lab,9,LAB1O4,LAB1O4-L1,35,,3DMM1503A S/N 003
3D1213A,P9_D6,P9,50,2/19/21,Node 3,1,NOD3O2 (ARED) / NOD3A2 (ARED BAR PLATFORM OVER BEAM HATCH PORTAL),NOD3A2-L7,7,Note: ARED Bar Platform taken as part NOD3A2,3DMM1511A S/N 011
3D1313A,P9_D7,P9,50,2/19/21,Node 3,10,NOD3F2 (Hatch to PMM),NOD3F2-L6,96,,3DMM1512A S/N 012
3D0254A,P9_D8,P9,40,2/9/21,US Lab,7,LAB1D5,LAB1D5-R1,28,,3DMM1503A S/N 003
3D0509A,P9_D9,P9,40,2/9/21,US Lab,Negative Control,Unopened 3DMM Swab Tube,LAB1-N3,86,,3DMM1503A S/N 003
3D0917A,P9_D10,P9,50,2/19/21,Node 3,8,NOD3D4,NOD3D4-R5,75,,3DMM1511A S/N 011
3D0977A,P9_D11,P9,50,2/19/21,Node 3,1,NOD3O2 (ARED) / NOD3A2 (ARED BAR PLATFORM OVER BEAM HATCH PORTAL),NOD3O2-R14,28,,3DMM1512A S/N 012
3D1016A,P9_D12,P9,47,2/16/21,Airlock,1,A/L1O1,A/L1O1-L2,3,,3DMM15010A S/N 010
3D0262A,P9_E1,P9,40,2/9/21,US Lab,6,LAB1P5,LAB1P5-R2,26,,3DMM1503A S/N 003
3D1301A,P9_E2,P9,50,2/19/21,Node 3,9,NOD3A4,NOD3A4-R4,86,,3DMM1512A S/N 012
swab.blank,P9_E3,P9,NA,NA,swab.blank,swab.blank,swab.blank,NA,NA,NA,NA
solvent.blank,P9_E4,P9,NA,NA,solvent.blank,solvent.blank,solvent.blank,NA,NA,NA,NA
3D1236A,P9_E5,P9,39,2/8/21,Node 1,4,NOD1S4,NOD1S4-L6,70,,3DMM1502A S/N 002
3D0852A,P9_E6,P9,40,2/9/21,Node 1,8,NOD1S2 (AIRLOCK HATCH PORTAL),NOD1S2-R7,39,,3DMM1504A S/N 004
3D0597A,P9_E7,P9,40,2/9/21,Node 1,8,NOD1S2 (AIRLOCK HATCH PORTAL),NOD1S2-L4,26,,3DMM1504A S/N 004
3D0387A,P9_E8,P9,46,2/15/21,JPM,19,JPM1D5,JPM1D5-L1,77,,3DMM1508A S/N 008
3D0980A,P9_E9,P9,46,2/15/21,JPM,14,JPM1A4,JPM1A4-L1,57,,3DMM1508A S/N 008
3D0435A,P9_E10,P9,34,2/3/21,Columbus,11,COL1D3,COL1D3-L1,COL1D3-L1,Labeled COL1D3-L2,3DMM1501A S/N 001
3D0458A,P9_E11,P9,34,2/3/21,Columbus,6,COL1A2,COL1A2-R2,COL1A2-R2,,3DMM1501A S/N 001
3D1018A,P9_E12,P9,47,2/16/21,PMM,2,PMM1P1,PMM1P1-R7,33,,3DMM1509A S/N 009
3D0504A,P9_F1,P9,40,2/9/21,US Lab,24,LAB1S1,LAB1S1-R1,100,,3DMM1503A S/N 003
3D0979A,P9_F2,P9,46,2/15/21,JPM,12,JPM1F3,JPM1F3-L2,49,,3DMM1508A S/N 008
swab.blank,P9_F3,P9,NA,NA,swab.blank,swab.blank,swab.blank,NA,NA,NA,NA
solvent.blank,P9_F4,P9,NA,NA,solvent.blank,solvent.blank,solvent.blank,NA,NA,NA,NA
3D0409A,P9_F5,P9,47,2/16/21,PMM,4,PMM1S1,PMM1S1-R2,64,,3DMM1509A S/N 009
3D0463A,P9_F6,P9,34,2/3/21,Columbus,Negative Control,Unopened 3DMM Swab Tube,COL1-N3,COL1-N3,,3DMM1501A S/N 001
3D0865A,P9_F7,P9,40,2/9/21,Node 1,8,NOD1S2 (AIRLOCK HATCH PORTAL),NOD1S2-R2,34,,3DMM1504A S/N 004
3D1269A,P9_F8,P9,39,2/8/21,Node 1,1,NOD1O4,NOD1O4-R7,19,,3DMM1502A S/N 002
3D0412A,P9_F9,P9,34,2/3/21,Columbus,5,COL1O2,COL1O2-L2,COL1O2-L2,,3DMM1501A S/N 001
3D0856A,P9_F10,P9,43,2/12/21,Node 2,2,NOD2P4,NOD2P4-R1,21,,3DMM1505A S/N 005
3D0881A,P9_F11,P9,40,2/9/21,Node 1,8,NOD1S2 (AIRLOCK HATCH PORTAL),NOD1S2-R6,38,,3DMM1504A S/N 004
3D1468A,P9_F12,P9,46,2/15/21,JLP,1,JLP1A1,JLP1A1-R1,5,,3DMM1505A S/N 007
3D0972A,P9_G1,P9,46,2/15/21,JPM,12,JPM1F3,JPM1F3-L1,47,,3DMM1508A S/N 008
3D0434A,P9_G2,P9,34,2/3/21,Columbus,Field Control,Air Sample,COL1-F1,COL1-F1,,3DMM1501A S/N 001
swab.blank,P9_G3,P9,NA,NA,swab.blank,swab.blank,swab.blank,NA,NA,NA,NA
solvent.blank,P9_G4,P9,NA,NA,solvent.blank,solvent.blank,solvent.blank,NA,NA,NA,NA
3D0207A,P9_G5,P9,40,2/9/21,US Lab,4,LAB1S6,LAB1S6-R2,16,,3DMM1503A S/N 003
3D0813A,P9_G6,P9,43,2/12/21,Node 2,2,NOD2P4,NOD2P4-R3,23,,3DMM1505A S/N 005
3D0344A,P9_G7,P9,47,2/16/21,PMM,1,PMM1O1,PMM1O1-R3,11,,3DMM1509A S/N 009
3D0363A,P9_G8,P9,46,2/15/21,JPM,20,JPM1F5,JPM1F5-L2,83,,3DMM1508A S/N 008
3D0445A,P9_G9,P9,34,2/3/21,Columbus,1,COL1O1,COL1O1-L1,COL1O1-L1,,3DMM1501A S/N 001
3D1311A,P9_G10,P9,43,2/12/21,Node 2,5,NOD2O2 (Hatch to PMA-3),NOD2O2-R4,64,,3DMM1505A S/N 005
3D0216A,P9_G11,P9,40,2/9/21,US Lab,16,LAB1S3,LAB1S3-L1,65,,3DMM1503A S/N 003
3D0991A,P9_G12,P9,50,2/19/21,Node 3,1,NOD3O2 (ARED) / NOD3A2 (ARED BAR PLATFORM OVER BEAM HATCH PORTAL),NOD3O2-R10,24,,3DMM1512A S/N 012
3D0255A,P9_H1,P9,40,2/9/21,US Lab,17,LAB1O2,LAB1O2-R1,70,,3DMM1503A S/N 003
3D1013A,P9_H2,P9,47,2/16/21,PMM,2,PMM1P1,PMM1P1-R6,32,,3DMM1509A S/N 009
swab.blank,P9_H3,P9,NA,NA,swab.blank,swab.blank,swab.blank,NA,NA,NA,NA
solvent.blank,P9_H4,P9,NA,NA,solvent.blank,solvent.blank,solvent.blank,NA,NA,NA,NA
3D0460A,P9_H5,P9,34,2/3/21,Columbus,Field Control,Air Sample,COL1-F2,COL1-F2,,3DMM1501A S/N 001
3D0249A,P9_H6,P9,40,2/9/21,US Lab,Field Control,Air Sample,LAB1-F2,51,,3DMM1503A S/N 003
3D0453A,P9_H7,P9,47,2/16/21,PMM,3,PMM1D1,PMM1D1-L1,37,,3DMM1509A S/N 009
3D0294A,P9_H8,P9,40,2/9/21,US Lab,15,LAB1D3,LAB1D3-L2,63,,3DMM1503A S/N 003
3D1318A,P9_H9,P9,43,2/12/21,Node 2,7,NOD2D2 (Stowage Bag Area),NOD2D2-R2,88,,3DMM1506A S/N 006
3D0462A,P9_H10,P9,34,2/3/21,Columbus,1,COL1O1,COL1O1-R2,COL1O1-R2,,3DMM1501A S/N 001
3D0280A,P9_H11,P9,43,2/12/21,Node 2,6,NOD2P2 (Hatch to JPM),NOD2P2-R3,75,,3DMM1505A S/N 005
3D0440A,P9_H12,P9,34,2/3/21,Columbus,15,COL1D4,COL1D4-R1,COL1D4-R1,,3DMM1501A S/N 001
3D1292A,P10_A1,P10,47,2/16/21,Airlock,Negative Control,Unopened 3DMM Swab Tube,A/L1-N3,18,,3DMM15010A S/N 010
3D0468A,P10_A2,P10,34,2/3/21,Columbus,15,COL1D4,COL1D4-L1,COL1D4-L1,,3DMM1501A S/N 001
solvent.blank,P10_A3,P10,NA,NA,solvent.blank,solvent.blank,solvent.blank,NA,NA,NA,NA
3D1253A,P10_A4,P10,39,2/8/21,Node 1,3,NOD1D4,NOD1D4-R8,62,,3DMM1502A S/N 002
3D0495A,P10_A5,P10,34,2/3/21,Columbus,4,COL1F1,COL1F1-R1,COL1F1-R1,,3DMM1501A S/N 001
3D1454A,P10_A6,P10,46,2/15/21,JLP,3,JLP1F1,JLP1F1-R4,28,,3DMM1505A S/N 007
3D0500A,P10_A7,P10,34,2/3/21,Columbus,16,COL1F4,COL1F4-R2,COL1F4-R2,,3DMM1501A S/N 001
3D1366A,P10_A8,P10,43,2/12/21,Node 2,7,NOD2D2 (Stowage Bag Area),NOD2D2-R4,90,,3DMM1506A S/N 006
3D1461A,P10_A9,P10,46,2/15/21,JPM,4,JPM1F1,JPM1F1-L2,7,Note: Kate switched Racks 2 and 4,3DMM1508A S/N 008
3D1205A,P10_A10,P10,39,2/8/21,Node 1,2,NOD1P4,NOD1P4-L2,24,,3DMM1502A S/N 002
3D0461A,P10_A11,P10,34,2/3/21,Columbus,14,COL1A4,COL1A4-R1,COL1A4-R1,,3DMM1501A S/N 001
3D0550A,P10_A12,P10,40,2/9/21,Node 1,Field Control,Air Sample,NOD1-F4,21,21,3DMM1504A S/N 004
3D0442A,P10_B1,P10,40,2/9/21,US Lab,1,LAB1O6,LAB1O6-L1,1,,3DMM1503A S/N 003
3D1367A,P10_B2,P10,50,2/19/21,Node 3,9,NOD3A4,NOD3A4-R1,83,,3DMM1512A S/N 012
solvent.blank,P10_B3,P10,NA,NA,solvent.blank,solvent.blank,solvent.blank,NA,NA,NA,NA
3D1328A,P10_B4,P10,46,2/15/21,JPM,13,JPM1O4,JPM1O4-L2,55,,3DMM1508A S/N 008
3D0447A,P10_B5,P10,34,2/3/21,Columbus,Field Control,Air Sample,COL1-F3,COL1-F3,,3DMM1501A S/N 001
3D0562A,P10_B6,P10,40,2/9/21,US Lab,23,LAB1S1,LAB1D1-L1,95,,3DMM1503A S/N 003
3D0583A,P10_B7,P10,40,2/9/21,US Lab,23,LAB1S1,LAB1D1-R1,96,,3DMM1503A S/N 003
3D0221A,P10_B8,P10,40,2/9/21,US Lab,3,LAB1D6,LAB1D6-R2,12,,3DMM1503A S/N 003
3D0908A,P10_B9,P10,50,2/19/21,Node 3,8,NOD3D4,NOD3D4-R2,72,,3DMM1511A S/N 011
3D0371A,P10_B10,P10,47,2/16/21,PMM,1,PMM1O1,PMM1O1-R7,15,,3DMM1509A S/N 009
3D0441A,P10_B11,P10,34,2/3/21,Columbus,10,COL1A3,COL1A3-L1,COL1A3-L1,,3DMM1501A S/N 001
3D0420A,P10_B12,P10,50,2/19/21,Node 3,1,NOD3O2 (ARED) / NOD3A2 (ARED BAR PLATFORM OVER BEAM HATCH PORTAL),NOD3A2-L3,3,Note: ARED Bar Platform taken as part NOD3A2,3DMM1511A S/N 011
3D1477A,P10_C1,P10,46,2/15/21,JLP,4,JLP1S1,JLP1S1-R2,36,,3DMM1505A S/N 007
3D0213A,P10_C2,P10,40,2/9/21,US Lab,18,LAB1P2,LAB1P2-L1,73,,3DMM1503A S/N 003
solvent.blank,P10_C3,P10,NA,NA,solvent.blank,solvent.blank,solvent.blank,NA,NA,NA,NA
3D0957A,P10_C4,P10,46,2/15/21,JPM,9,JPM1O3,JPM1O3-R1,36,,3DMM1508A S/N 008
3D1214A,P10_C5,P10,47,2/16/21,Airlock,2,A/L1A1,A/L1A1-R2,10,,3DMM15010A S/N 010
3D0355A,P10_C6,P10,46,2/15/21,JPM,18,JPM1A5,JPM1A5-R1,74,,3DMM1508A S/N 008
3D0479A,P10_C7,P10,34,2/3/21,Columbus,10,COL1A3,COL1A3-R1,COL1A3-R1,,3DMM1501A S/N 001
3D1004A,P10_C8,P10,47,2/16/21,PMM,4,PMM1S1,PMM1S1-L7,61,,3DMM1509A S/N 009
3D1476A,P10_C9,P10,46,2/15/21,JLP,3,JLP1F1, JLP1F1-R1,25,,3DMM1505A S/N 007
3D1227A,P10_C10,P10,39,2/8/21,Node 1,2,NOD1P4,NOD1P4-R7,39,,3DMM1502A S/N 002
3D1224A,P10_C11,P10,47,2/16/21,Airlock,3,A/L1D1,A/L1D1-L2,15,,3DMM15010A S/N 010
3D1333A,P10_C12,P10,50,2/19/21,Node 3,10,NOD3F2 (Hatch to PMM),NOD3F2-R6,103,,3DMM1512A S/N 012
3D1430A,P10_D1,P10,46,2/15/21,JPM,7,JPM1D2,JPM1D2-L2,29,,3DMM1508A S/N 008
3D0267A,P10_D2,P10,46,2/15/21,JPM,11,JPM1D3,JPM1D3-L2,45,,3DMM1508A S/N 008
solvent.blank,P10_D3,P10,NA,NA,solvent.blank,solvent.blank,solvent.blank,NA,NA,NA,NA
3D1467A,P10_D4,P10,46,2/15/21,JLP,1,JLP1A1,JLP1A1-L2,2,,3DMM1505A S/N 007
3D0403A,P10_D5,P10,50,2/19/21,Node 3,1,NOD3O2 (ARED) / NOD3A2 (ARED BAR PLATFORM OVER BEAM HATCH PORTAL),NOD3A2-L2,2,Note: ARED Bar Platform taken as part NOD3A2,3DMM1511A S/N 011
3D1349A,P10_D6,P10,50,2/19/21,Node 3,9,NOD3A4,NOD3A4-L4,80,,3DMM1512A S/N 012
3D0312A,P10_D7,P10,47,2/16/21,PMM,1,PMM1O1,PMM1O1-L2,2,,3DMM1509A S/N 009
3D0287A,P10_D8,P10,40,2/9/21,US Lab,11,LAB1D4,LAB1D4-R1,44,,3DMM1503A S/N 003
3D1303A,P10_D9,P10,50,2/19/21,Node 3,10,NOD3F2 (Hatch to PMM),NOD3F2-R3,100,,3DMM1512A S/N 012
3D1432A,P10_D10,P10,46,2/15/21,JLP,4,JLP1S1, JLP1S1-R3,37,,3DMM1505A S/N 007
3D0960A,P10_D11,P10,43,2/12/21,Node 2,7,NOD2D2 (Stowage Bag Area),NOD2D2-L5,85,,3DMM1506A S/N 006
3D1296A,P10_D12,P10,47,2/16/21,Airlock,4,A/L1F1,A/L1F1-L1,19,,3DMM15010A S/N 010
3D1261A,P10_E1,P10,39,2/8/21,Node 1,3,NOD1D4,NOD1D4-R4,58,,3DMM1502A S/N 002
swab.blank,P10_E2,P10,NA,NA,swab.blank,swab.blank,swab.blank,NA,NA,NA,NA
solvent.blank,P10_E3,P10,NA,NA,solvent.blank,solvent.blank,solvent.blank,NA,NA,NA,NA
3D0274A,P10_E4,P10,43,2/12/21,Node 2,6,NOD2P2 (Hatch to JPM),NOD2P2-L3,69,,3DMM1505A S/N 005
3D0275A,P10_E5,P10,40,2/9/21,US Lab,10,LAB1P4,LAB1P4-R1,40,,3DMM1503A S/N 003
3D1035A,P10_E6,P10,47,2/16/21,PMM,4,PMM1S1,PMM1S1-L2,56,,3DMM1509A S/N 009
3D1369A,P10_E7,P10,43,2/12/21,Node 2,7,NOD2D2 (Stowage Bag Area),NOD2D2-L3,83,,3DMM1506A S/N 006
3D1364A,P10_E8,P10,50,2/19/21,Node 3,10,NOD3F2 (Hatch to PMM),NOD3F2-R4,101,,3DMM1512A S/N 012
3D1456A,P10_E9,P10,46,2/15/21,JLP,Field Control,Air Sample,JLP1-F1,9,,3DMM1505A S/N 007
3D1357A,P10_E10,P10,50,2/19/21,Node 3,11,NOD3D2 (Cupola / Hatch to Cupola),NOD3D2-C2,106,,3DMM1512A S/N 012
3D1428A,P10_E11,P10,46,2/15/21,JLP,2,JLP1P1, JLP1P1-L3,13,,3DMM1505A S/N 007
3D0407A,P10_E12,P10,47,2/16/21,PMM,3,PMM1D1,PMM1D1-R7,51,,3DMM1509A S/N 009
3D0365A,P10_F1,P10,46,2/15/21,JPM,18,JPM1A5,JPM1A5-L2,75,,3DMM1508A S/N 008
swab.blank,P10_F2,P10,NA,NA,swab.blank,swab.blank,swab.blank,NA,NA,NA,NA
solvent.blank,P10_F3,P10,NA,NA,solvent.blank,solvent.blank,solvent.blank,NA,NA,NA,NA
3D0926A,P10_F4,P10,50,2/19/21,Node 3,1,NOD3O2 (ARED) / NOD3A2 (ARED BAR PLATFORM OVER BEAM HATCH PORTAL),NOD3O2-L14,14,,3DMM1512A S/N 012
3D1232A,P10_F5,P10,39,2/8/21,Node 1,2,NOD1P4,NOD1P4-L3,25,,3DMM1502A S/N 002
3D1019A,P10_F6,P10,47,2/16/21,PMM,4,PMM1S1,PMM1S1-R3,65,,3DMM1509A S/N 009
3D0382A,P10_F7,P10,47,2/16/21,PMM,2,PMM1P1,PMM1P1-L2,20,,3DMM1509A S/N 009
3D0227A,P10_F8,P10,40,2/9/21,US Lab,15,LAB1D3,LAB1D3-R2,64,,3DMM1503A S/N 003
3D1427A,P10_F9,P10,46,2/15/21,JPM,1,JPM1O1,JPM1O1-L1,1,,3DMM1508A S/N 008
3D0966A,P10_F10,P10,50,2/19/21,Node 3,8,NOD3D4,NOD3D4-R1,71,,3DMM1511A S/N 011
3D1337A,P10_F11,P10,50,2/19/21,Node 3,9,NOD3A4,NOD3A4-R5,87,,3DMM1512A S/N 012
3D1447A,P10_F12,P10,46,2/15/21,JPM,2,JPM1A1,JPM1A1-L1,13,Note: Kate switched Racks 2 and 4,3DMM1508A S/N 008
3D1335A,P10_G1,P10,50,2/19/21,Node 3,11,NOD3D2 (Cupola / Hatch to Cupola),NOD3D2-C4,108,,3DMM1512A S/N 012
swab.blank,P10_G2,P10,NA,NA,swab.blank,swab.blank,swab.blank,NA,NA,NA,NA
solvent.blank,P10_G3,P10,NA,NA,solvent.blank,solvent.blank,solvent.blank,NA,NA,NA,NA
3D1443A,P10_G4,P10,46,2/15/21,JPM,2,JPM1A1,JPM1A1-R2,16,Note: Kate switched Racks 2 and 4,3DMM1508A S/N 008
3D0392A,P10_G5,P10,47,2/16/21,PMM,1,PMM1O1,PMM1O1-L3,3,,3DMM1509A S/N 009
3D0395A,P10_G6,P10,46,2/15/21,JPM,18,JPM1A5,JPM1A5-R2,76,,3DMM1508A S/N 008
3D1441A,P10_G7,P10,46,2/15/21,JPM,Field Control,Air Sample,JPM1-F1,17,,3DMM1508A S/N 008
3D0805A,P10_G8,P10,43,2/12/21,Node 2,4,NOD2S4,NOD2S4-R4,50,,3DMM1505A S/N 005
3D0580A,P10_G9,P10,40,2/9/21,Node 1,8,NOD1S2 (AIRLOCK HATCH PORTAL),NOD1S2-L7,29,,3DMM1504A S/N 004
3D0469A,P10_G10,P10,34,2/3/21,Columbus,7,COL1D2,COL1D2-R1,COL1D2-R1,,3DMM1501A S/N 001
3D0215A,P10_G11,P10,40,2/9/21,US Lab,9,LAB1O4,LAB1O4-R1,36,,3DMM1503A S/N 003
3D1440A,P10_G12,P10,46,2/15/21,JLP,2,JLP1P1,JLP1P1-L1 ,11,,3DMM1505A S/N 007
3D0424A,P10_H1,P10,47,2/16/21,PMM,3,PMM1D1,PMM1D1-L4,40,,3DMM1509A S/N 009
swab.blank,P10_H2,P10,NA,NA,swab.blank,swab.blank,swab.blank,NA,NA,NA,NA
solvent.blank,P10_H3,P10,NA,NA,solvent.blank,solvent.blank,solvent.blank,NA,NA,NA,NA
3D0401A,P10_H4,P10,34,2/3/21,Columbus,11,COL1D3,COL1D3-R1,COL1D3-R1,,3DMM1501A S/N 001
3D1012A,P10_H5,P10,47,2/16/21,Airlock,Field Control,Air Sample,A/L1-F1,5,,3DMM15010A S/N 010
3D1010A,P10_H6,P10,50,2/19/21,Node 3,1,NOD3O2 (ARED) / NOD3A2 (ARED BAR PLATFORM OVER BEAM HATCH PORTAL),NOD3A2-L6,6,Note: ARED Bar Platform taken as part NOD3A2,3DMM1511A S/N 011
3D0397A,P10_H7,P10,47,2/16/21,PMM,1,PMM1O1,PMM1O1-R5,13,,3DMM1509A S/N 009
3D1482A,P10_H8,P10,46,2/15/21,JPM,6,JPM1A2,JPM1A2-L1,23,,3DMM1508A S/N 008
3D1494A,P10_H9,P10,46,2/15/21,JLP,1,JLP1A1,JLP1A1-L1,1,,3DMM1505A S/N 007
3D0846A,P10_H10,P10,43,2/12/21,Node 2,3,NOD2D4,NOD2D4-R2,36,,3DMM1505A S/N 005
3D0579A,P10_H11,P10,40,2/9/21,US Lab,22,LAB1P1,LAB1P1-L1,91,,3DMM1503A S/N 003
solvent.blank,P10_H12,P10,NA,NA,solvent.blank,solvent.blank,solvent.blank,NA,NA,NA,NA